"","athlete.sex","distance","elapsed_time","average_speed","type","average_heartrate","athlete.country","meters_per_sec","iso3c"
"1","M",24438.8,5342,4.675,"Ride",135.9,"Lithuania",4.57484088356421,"LTU"
"2","M",33632.8,5722,6.685,"Ride",143,"United Kingdom",5.87780496329955,"GBR"
"3","M",28765.1,4855,6.124,"Ride",150.5,"United Kingdom",5.9248403707518,"GBR"
"4","M",69559.8,7946,9.249,"Ride",147.1,"Australia",8.75406493833375,"AUS"
"5","M",48415.5,52457,7.18,"Ride",127.8,"United States",0.922955944869131,"USA"
"6","M",6042.5,2097,2.881,"Run",184.5,"United States",2.88149737720553,"USA"
"7","M",40770.9,37782,7.503,"Ride",140.2,"United Kingdom",1.07910909957122,"GBR"
"8","M",16009.5,4917,3.296,"Run",153.5,"Spain",3.25594874923734,"ESP"
"9","M",39429,5697,7.47,"Ride",132.2,"United States",6.92101105845182,"USA"
"10","M",48252.3,10183,5.672,"Ride",134.2,"Nederland",4.73851517234607,NA
"11","M",74454.8,137935,5.678,"Ride",151.8,"Taiwan",0.539781781273788,"TWN"
"12","M",49556.6,6010,8.358,"Ride",160.1,"United Kingdom",8.24569051580699,"GBR"
"13","M",31972,4629,6.944,"Ride",151.4,"Spain",6.90689133722186,"ESP"
"14","M",30045.5,3751,8.01,"Ride",137.4,"Italia",8.00999733404426,NA
"15","M",13720.3,1228,11.173,"Ride",174.3,"United Kingdom",11.1728827361564,"GBR"
"16","M",7214,12212,1.075,"Walk",106.3,"United States",0.590730429086145,"USA"
"17","M",7513.6,1841,4.174,"Run",162.3,"United States",4.08126018468224,"USA"
"18","M",5895.2,3706,2.338,"Ride",181.7,"United States",1.5907177549919,"USA"
"19","M",8958.7,3384,3.001,"Run",145.9,"France",2.64736997635934,"FRA"
"20","M",12237.1,4181,2.952,"Run",148.6,"Germany",2.92683568524276,"DEU"
"21","M",23045,3601,6.4,"Ride",121.8,"United States",6.3996112191058,"USA"
"22","M",21884.4,3447,6.349,"Ride",109.6,"Australia",6.34882506527415,"AUS"
"23","M",19997.9,3746,5.364,"Ride",134.4,"United States",5.3384676988788,"USA"
"24","M",25107.3,38618,6.968,"Ride",137.9,"United States",0.650145010098918,"USA"
"25","M",100177,14393,7.012,"Ride",123.7,"Switzerland",6.96011950253595,"CHE"
"26","M",22796,8950,4.416,"Ride",142.7,"Taiwan",2.54703910614525,"TWN"
"27","M",20646.1,4205,6.258,"Ride",121.9,"Belgium",4.90989298454221,"BEL"
"28","M",7430.3,1231,7.023,"Ride",131.3,"United Kingdom",6.03598700243704,"GBR"
"29","M",7176.9,5290,1.506,"Run",110,"United States",1.35669187145558,"USA"
"30","M",28059.6,3938,7.251,"Ride",145,"United Kingdom",7.12534281361097,"GBR"
"31","M",36678.7,7945,7.913,"Ride",141.6,"Australia",4.61657646318439,"AUS"
"32","M",74897.3,9775,8.088,"Ride",133.9,"Canada",7.66212787723785,"CAN"
"33","M",12965.7,2160,6.003,"Ride",151.4,"United Kingdom",6.00263888888889,"GBR"
"34","M",7184.4,2880,2.629,"Run",161.8,"France",2.49458333333333,"FRA"
"35","M",28483.2,7778,4.088,"Ride",142.6,"Australia",3.66202108511185,"AUS"
"36","M",50265.6,6301,8.018,"Ride",69,"United States",7.97740041263291,"USA"
"37","M",36754.3,4480,8.304,"Ride",151,"United Kingdom",8.20408482142857,"GBR"
"38","M",7749.9,2430,3.196,"Run",146.7,"France",3.18925925925926,"FRA"
"39","M",4797.6,905,6.329,"Ride",120.2,"United Kingdom",5.30121546961326,"GBR"
"40","M",63546.8,8596,8.253,"Ride",147.2,"New Zealand",7.39260120986505,"NZL"
"41","M",38459.7,5902,6.946,"Ride",121.2,"Deutschland",6.51638427651644,NA
"42","M",5007.3,1295,3.867,"Run",155.5,"France",3.86664092664093,"FRA"
"43","M",7831.9,3681,3.426,"Run",149.7,"United States",2.12765552838902,"USA"
"44","M",5985.2,4820,1.359,"Run",149.9,"United States",1.24174273858921,"USA"
"45","M",4016,1182,3.462,"Run",155.3,"Lithuania",3.39763113367174,"LTU"
"46","M",68593.6,15963,5.817,"Ride",145.1,"Thailand",4.29703689782622,"THA"
"47","M",8253.8,3533,2.663,"Run",120.6,"United States",2.33620152844608,"USA"
"48","M",2823.9,1500,2.112,"Run",153.7,"United States",1.8826,"USA"
"49","M",52376.7,13560,5.811,"Ride",117.6,"United States",3.86258849557522,"USA"
"50","M",11390.5,3100,3.674,"Run",143.4,"United Kingdom",3.67435483870968,"GBR"
"51","M",8750.1,1248,7.011,"Ride",133.6,"United Kingdom",7.01129807692308,"GBR"
"52","M",78610,10246,7.91,"Ride",134.5,"Switzerland",7.67226234628148,"CHE"
"53","M",24138.3,2555,9.586,"Ride",129.1,"United States",9.44747553816047,"USA"
"54","M",1537.4,218,7.052,"Ride",147.3,"United Kingdom",7.05229357798165,"GBR"
"55","M",77513.8,10804,7.361,"Ride",139.6,"Ireland",7.17454646427249,"IRL"
"56","M",25095.6,4384,7.99,"Ride",135.1,"United States",5.72436131386861,"USA"
"57","M",40217.3,5120,7.855,"Ride",154.5,"United Kingdom",7.85494140625,"GBR"
"58","M",9241.4,1908,4.844,"Ride",129.3,"Portugal",4.84350104821803,"PRT"
"59","M",26044.7,9428,2.934,"Ride",151,"Canada",2.76248408994485,"CAN"
"60","M",16215.5,2851,7.602,"Ride",150.2,"Danmark",5.6876534549281,NA
"61","M",26322,3102,8.485,"Ride",146.3,"Spain",8.48549323017408,"ESP"
"62","M",44184.4,4409,10.067,"Ride",173.5,"United Kingdom",10.0214107507371,"GBR"
"63","M",31153.6,3887,8.077,"Ride",163.1,"Australia",8.01481862618986,"AUS"
"64","M",44136.2,12557,3.981,"Ride",142,"United States",3.51486820100342,"USA"
"65","M",47024.8,5935,8.025,"Ride",117.5,"Spain",7.92330244313395,"ESP"
"66","M",40550.5,7177,7.095,"Ride",120.9,"United States",5.6500627002926,"USA"
"67","M",30216.1,6851,4.815,"Ride",122.9,"United States",4.41046562545614,"USA"
"68","M",23200.7,6869,3.387,"Ride",158.5,"United States",3.37759499199301,"USA"
"69","M",26521,4297,6.644,"Ride",141.1,"United Kingdom",6.17198045147778,"GBR"
"70","M",14388.7,5406,3.523,"Run",133.1,"France",2.66161672216056,"FRA"
"71","M",8951.7,1819,4.921,"Ride",150.3,"South Africa",4.92122045079714,"ZAF"
"72","M",58227.4,9213,6.653,"Ride",126.8,"Deutschland",6.32013459242375,NA
"73","M",11340.8,3326,3.543,"Run",140.5,"United States",3.40974143114853,"USA"
"74","M",49041.8,10454,6.35,"Ride",161.6,"Australia",4.69119954084561,"AUS"
"75","M",5873.4,2589,2.269,"Run",155,"The Netherlands",2.26859791425261,"NLD"
"76","M",68660.2,6880,9.98,"Ride",147.1,"Danmark",9.97968023255814,NA
"77","M",122378,21126,7.096,"Ride",125.2,"United Kingdom",5.79276720628609,"GBR"
"78","M",72740.4,9527,7.765,"Ride",84.4,"United States",7.63518421328855,"USA"
"79","M",96560.6,15070,6.542,"Ride",147.2,"United Kingdom",6.40747179827472,"GBR"
"80","M",22593.2,3225,7.531,"Ride",136,"United Kingdom",7.00564341085271,"GBR"
"81","M",96929.4,17716,8.141,"Ride",172.9,"Australia",5.47129148792052,"AUS"
"82","M",49686,5958,9.382,"Ride",138.1,"France",8.33937562940584,"FRA"
"83","M",6435.4,2931,2.2,"Run",148.2,"Deutschland",2.1956328897987,NA
"84","M",29964.4,7014,4.474,"Ride",145.2,"Colombia",4.27208440262333,"COL"
"85","M",6134.3,1974,3.177,"Run",149.6,"France",3.10754812563323,"FRA"
"86","M",33480.3,3670,9.295,"Ride",137.2,"Spain",9.12269754768393,"ESP"
"87","M",45939.4,5754,8.747,"Ride",118.2,"Qatar",7.9839068474105,"QAT"
"88","M",36463.4,4543,8.026,"Ride",146.5,"Danmark",8.02628219238389,NA
"89","M",14716.3,4046,3.722,"Run",154.5,"United States",3.63724666337123,"USA"
"90","M",25608.2,3401,7.53,"Ride",114.3,"Belgium",7.52960893854749,"BEL"
"91","M",24280.4,6415,4.159,"Ride",116.5,"Ελλάδα",3.78494154325799,NA
"92","M",75880.8,16566,8.022,"Ride",148.8,"Thailand",4.58051430641072,"THA"
"93","M",5153.3,843,6.269,"Ride",137.1,"Россия",6.11304863582444,NA
"94","M",11891.7,3137,4.824,"Ride",152.4,"United States",3.79078737647434,"USA"
"95","M",21331.1,2869,7.435,"Ride",154.3,"United States",7.43502962704775,"USA"
"96","M",109054,14147,8.464,"Ride",146.8,"Greece",7.70863080511769,"GRC"
"97","M",480.5,69,6.964,"Ride",151.4,"Spain",6.96376811594203,"ESP"
"98","M",106726,15301,7.245,"Ride",147.8,"Australia",6.97509966668845,"AUS"
"99","M",28796.1,7325,6.717,"Ride",112.8,"United States",3.93120819112628,"USA"
"100","M",52212.4,6494,8.04,"Ride",126.5,"Austria",8.04009855251001,"AUT"
"101","M",36905.4,11126,5.379,"Ride",132.2,"United States",3.31704116483912,"USA"
"102","M",6689,3364,2.525,"NordicSki",104.3,"Norway",1.9884066587396,"NOR"
"103","M",52886.7,6338,8.368,"Ride",124.3,"United Kingdom",8.34438308614705,"GBR"
"104","M",28321.9,4250,6.664,"Ride",100.8,"Italia",6.66397647058824,NA
"105","M",22125.9,3000,7.375,"Ride",134.5,"Thailand",7.3753,"THA"
"106","M",59130.4,38663,8.034,"Ride",147.2,"Deutschland",1.52937951012596,NA
"107","M",55984.8,8676,6.505,"Ride",160,"Australia",6.45283540802213,"AUS"
"108","M",14805.7,2200,6.73,"VirtualRide",152.8,"United Kingdom",6.72986363636364,"GBR"
"109","M",43119.1,8795,5.496,"Ride",147.7,"Australia",4.90268334280841,"AUS"
"110","M",39091,7257,5.552,"Ride",139.3,"United States",5.38666115474714,"USA"
"111","M",5051.7,1288,3.922,"Run",177.4,"Australia",3.92212732919255,"AUS"
"112","M",29281.5,3671,8.702,"Ride",133.6,"Australia",7.97643693816399,"AUS"
"113","M",15410.2,2958,5.517,"IceSkate",129.1,"Norge",5.20966869506423,NA
"114","M",36920.6,5202,8.23,"Ride",137.6,"United States",7.09738562091503,"USA"
"115","M",14653.1,2845,5.719,"Ride",158,"Spain",5.15047451669596,"ESP"
"116","M",55842.3,12205,5.092,"Ride",142,"Belgium",4.57536255632937,"BEL"
"117","M",33575.2,4314,7.783,"Ride",144.5,"Australia",7.78284654612888,"AUS"
"118","M",31597.6,66991,7.581,"Ride",112.3,"United States",0.471669328715798,"USA"
"119","M",55523.7,7811,7.37,"Ride",137.9,"United Kingdom",7.1083984124952,"GBR"
"120","M",9871.5,1601,6.166,"Ride",138.1,"Australia",6.16583385384135,"AUS"
"121","M",10630.4,8942,1.821,"Run",121.7,"United States",1.18881681950347,"USA"
"122","M",34312.9,4965,6.911,"Ride",154.4,"Sweden",6.91095669687815,"SWE"
"123","M",12791.1,3981,3.237,"Run",146.3,"United States",3.21303692539563,"USA"
"124","M",22129.3,9089,3.338,"Ride",127.3,"United States",2.43473429420178,"USA"
"125","M",41841.1,4752,8.805,"Ride",157.4,"United Kingdom",8.80494528619529,"GBR"
"126","M",32700,4430,7.41,"Ride",122.2,"United States",7.38148984198646,"USA"
"127","M",47560.1,4814,9.88,"VirtualRide",135.2,"Canada",9.87953884503531,"CAN"
"128","M",42282.5,5561,8.604,"Ride",140.9,"Polska",7.60339866930408,NA
"129","M",32232.2,3503,9.201,"Ride",110.5,"Canada",9.20131316014844,"CAN"
"130","M",11683.2,3090,3.798,"Run",150.1,"España",3.78097087378641,NA
"131","M",3244.5,952,3.412,"Run",148.5,"United States",3.40808823529412,"USA"
"132","M",9457.1,3277,3.228,"Run",150.8,"United States",2.88590173939579,"USA"
"133","M",2345.5,659,3.559,"Run",116.1,"United Kingdom",3.55918057663126,"GBR"
"134","M",115729,19662,6.806,"Ride",114.4,"Italy",5.88592208320618,"ITA"
"135","M",120824,20852,5.978,"Ride",132.2,"Norway",5.79436025321312,"NOR"
"136","M",24691.6,9006,2.746,"Run",150.6,"Nederland",2.74168332222962,NA
"137","M",89073.4,11454,8.084,"Ride",133.7,"Estonia",7.77661952156452,"EST"
"138","M",14500.8,8123,3.358,"Run",161.2,"Spain",1.78515326849686,"ESP"
"139","M",23002.5,3521,8.166,"Ride",136.3,"United States",6.5329451860267,"USA"
"140","M",478.6,167,2.866,"Run",143.5,"Greece",2.86586826347305,"GRC"
"141","M",42803.5,6275,6.821,"Ride",140,"España",6.82127490039841,NA
"142","M",21684.5,7891,2.939,"Run",162.7,"Japan",2.74800405525282,"JPN"
"143","M",9952,2930,3.487,"Run",147.5,"Switzerland",3.39658703071672,"CHE"
"144","M",10556.2,3708,2.923,"Run",160.3,"Portugal",2.84687162891046,"PRT"
"145","M",52349.4,64069,7.363,"Ride",150,"United States",0.817078462282851,"USA"
"146","M",20284.1,2526,8.03,"Ride",140.2,"Philippines",8.03012668250198,"PHL"
"147","M",8053.2,2153,3.74,"Run",173.1,"France",3.74045517882025,"FRA"
"148","M",8734.4,2116,5.418,"Ride",37.1,"United States",4.12778827977316,"USA"
"149","M",8317.7,2863,2.905,"Run",156.8,"Brazil",2.90523925951799,"BRA"
"150","M",43988.2,7127,6.769,"Ride",154,"República Federativa do Brasil",6.17204995089098,NA
"151","M",5338,3133,2.037,"Ride",117.5,"United States",1.70379827641238,"USA"
"152","M",35203.9,10156,3.473,"Run",140.1,"The Netherlands",3.46631547853486,"NLD"
"153","M",32731.8,4876,7.208,"Ride",153.5,"United States",6.71283839212469,"USA"
"154","M",21791.4,13898,4.54,"Ride",128.3,"Россия",1.56795222334149,NA
"155","M",34741.9,4409,8.175,"Ride",149.7,"Italia",7.87976865502382,NA
"156","M",2252.9,890,2.563,"Run",139.1,"United Kingdom",2.53134831460674,"GBR"
"157","M",47172,7864,6.448,"Ride",114.3,"United States",5.99847405900305,"USA"
"158","M",22825.2,3418,6.771,"Ride",121.3,"Australia",6.67794031597425,"AUS"
"159","M",21091.7,2592,8.249,"Ride",132.6,"United States",8.13722993827161,"USA"
"160","M",73112.3,256361,7.127,"Ride",116.4,"South Africa",0.285192755528337,"ZAF"
"161","M",10129.6,3336,3.036,"Run",166.5,"United States",3.03645083932854,"USA"
"162","M",4279.7,2760,1.808,"Run",109.3,"Netherlands",1.55061594202899,"NLD"
"163","M",10306.8,3608,2.961,"Run",144.7,"United States",2.85665188470067,"USA"
"164","M",136217,18369,7.677,"Ride",93.4,"Norway",7.41559148565518,"NOR"
"165","M",6470.2,2149,3.138,"Run",131.2,"United States",3.01079571893904,"USA"
"166","M",15835.1,2499,6.337,"Ride",97.6,"Norge",6.33657462985194,NA
"167","M",21013.2,3159,6.652,"Ride",126.4,"United States",6.65185185185185,"USA"
"168","M",60.2,46,2.508,"Workout",150.7,"United Kingdom",1.30869565217391,"GBR"
"169","M",9811.5,3661,2.731,"Run",151.1,"United States",2.68000546298825,"USA"
"170","M",7290.5,2123,3.434,"Run",172.5,"France",3.43405558172398,"FRA"
"171","M",24493,3104,8.105,"Ride",151.6,"Australia",7.89078608247423,"AUS"
"172","M",38440.9,5644,6.853,"Ride",129.3,"España",6.8109319631467,NA
"173","M",46246.7,6755,6.886,"Ride",151.4,"Norge",6.84629163582531,NA
"174","M",16335,2632,6.454,"Ride",136,"United Kingdom",6.20630699088146,"GBR"
"175","M",63852.4,7739,8.608,"Ride",154.9,"Brazil",8.2507300684843,"BRA"
"176","M",26898.6,3556,8.095,"Ride",144,"United Kingdom",7.56428571428571,"GBR"
"177","M",102174,17223,7.746,"Ride",136.8,"South Africa",5.93241595540847,"ZAF"
"178","M",154122,18927,9.084,"Ride",157.5,"Israel",8.14297035980345,"ISR"
"179","M",102812,621598,7.352,"Ride",146.7,"Deutschland",0.165399502572402,NA
"180","M",31755.6,8717,3.794,"Ride",149.8,"España",3.64295055638408,NA
"181","M",2216.5,744,3.122,"Run",155.1,"United Kingdom",2.97916666666667,"GBR"
"182","M",12791.2,3559,3.641,"Run",135.5,"Germany",3.59404327058162,"DEU"
"183","M",49059.7,7220,6.912,"Ride",142.8,"India",6.79497229916897,"IND"
"184","M",4777.2,697,7.195,"Ride",133.7,"United States",6.85394548063128,"USA"
"185","M",2892.1,900,3.213,"Run",138,"France",3.21344444444444,"FRA"
"186","M",70896.4,11152,9.708,"Ride",141.4,"United States",6.35728120516499,"USA"
"187","M",29326.4,3705,7.915,"Ride",154.6,"United Kingdom",7.91535762483131,"GBR"
"188","M",1458.2,796,1.832,"Run",139.1,"United Kingdom",1.83190954773869,"GBR"
"189","M",29052.3,15046,6.188,"Ride",125.8,"United States",1.93089857769507,"USA"
"190","M",16607.7,7186,4.576,"Ride",138.9,"United Kingdom",2.31111884219315,"GBR"
"191","M",2.8,3977,0.56,"Ride",117,"Polska",0.000704048277596178,NA
"192","M",44268.9,13588,4.236,"Ride",153.5,"United States",3.25794083014424,"USA"
"193","M",22048.4,2992,7.634,"Ride",134,"Spain",7.36911764705882,"ESP"
"194","M",66241,8287,7.993,"Ride",153.7,"United States",7.99336309882949,"USA"
"195","M",8547.6,2785,3.183,"Run",169.7,"Australia",3.06915619389587,"AUS"
"196","M",10130.7,2156,4.806,"Ride",143.5,"United States",4.69884044526902,"USA"
"197","M",9421.7,2858,3.372,"Run",146.5,"Australia",3.29660601819454,"AUS"
"198","M",24468.6,2700,9.062,"Ride",138.6,"United Kingdom",9.06244444444444,"GBR"
"199","M",68669.2,4172,16.46,"Ride",66,"United Kingdom",16.45953978907,"GBR"
"200","M",7579.7,2610,2.904,"Run",144.5,"France",2.90409961685824,"FRA"
"201","M",31490.1,4910,6.463,"Ride",138.4,"Jersey",6.41346232179226,"JEY"
"202","M",69440.6,12137,6.286,"Ride",71.2,"France",5.72139737991266,"FRA"
"203","M",10399.3,3168,3.305,"Run",170.2,"Japan",3.28260732323232,"JPN"
"204","M",81260.4,11995,7.843,"Ride",144.7,"United Kingdom",6.77452271779908,"GBR"
"205","M",69253.3,68581,7.76,"Ride",125,"Australia",1.00980300666365,"AUS"
"206","M",7590.2,963,7.882,"Ride",130,"United States",7.88182762201454,"USA"
"207","M",37183.6,14658,6.189,"Ride",131.8,"Polska",2.5367444398963,NA
"208","M",99901.6,12262,8.669,"Ride",131.6,"België",8.14725167183168,NA
"209","M",3172.3,1024,5.625,"Ride",98.7,"Ireland",3.09794921875,"IRL"
"210","M",8072.3,1016,7.945,"VirtualRide",138.4,"United States",7.94517716535433,"USA"
"211","M",65117.8,8944,7.281,"Ride",149.6,"Italia",7.28061270125224,NA
"212","M",6241.7,1810,3.571,"Run",168.1,"Deutschland",3.44845303867403,NA
"213","M",12364.7,4873,3.228,"Run",177.1,"Belgium",2.53738969833778,"BEL"
"214","M",71794,8850,8.585,"Ride",143.3,"Argentina",8.11231638418079,"ARG"
"215","M",7071.8,2564,2.783,"Run",141.3,"United States",2.75811232449298,"USA"
"216","M",16526.7,3481,5.977,"Ride",133.3,"Chile",4.74768744613617,"CHL"
"217","M",44290.2,5868,7.685,"Ride",111.6,"Deutschland",7.54775051124744,NA
"218","M",35194.3,4546,7.742,"Ride",161.5,"United Kingdom",7.74181698196216,"GBR"
"219","M",6592.4,2264,2.93,"Run",148.6,"United States",2.91183745583039,"USA"
"220","M",170997,20375,8.443,"Ride",164.6,"Spain",8.39249079754601,"ESP"
"221","M",20114.1,8536,2.602,"Run",139,"United Kingdom",2.3563847235239,"GBR"
"222","M",38084.5,4746,8.124,"Ride",146.9,"United States",8.02454698693637,"USA"
"223","M",59550.2,7266,8.196,"Ride",145.9,"Brazil",8.19573355353702,"BRA"
"224","M",21693.9,3130,7.389,"Ride",142.2,"Danmark",6.93095846645367,NA
"225","M",2927,951,3.078,"Run",171.7,"United States",3.07781282860147,"USA"
"226","M",63165.8,10688,6.027,"Ride",110.3,"Italia",5.90997380239521,NA
"227","M",38431.9,5311,7.521,"Ride",153.3,"Belgium",7.23628318584071,"BEL"
"228","M",91137.2,15605,7.194,"Ride",136.4,"Italia",5.84025632809997,NA
"229","M",41750.3,5404,7.752,"Ride",124.3,"Brazil",7.72581421169504,"BRA"
"230","M",41486,5332,8.205,"Ride",141.3,"Sverige",7.78057014253563,NA
"231","M",87910.1,10705,8.511,"Ride",137.6,"Norge",8.21205978514713,NA
"232","M",28020,4768,9.756,"Ride",153.7,"Australia",5.87667785234899,"AUS"
"233","M",4402.5,2554,1.724,"Run",117.4,"United States",1.72376664056382,"USA"
"234","M",7400.4,816,9.069,"Ride",189.2,"United Kingdom",9.06911764705882,"GBR"
"235","M",7184.4,1312,5.476,"Ride",127.1,"Denmark",5.47591463414634,"DNK"
"236","M",27095.4,2377,11.399,"Ride",147.9,"Thailand",11.3989903239377,"THA"
"237","M",23737.1,3452,7.31,"Ride",147.6,"Ireland",6.8763325608343,"IRL"
"238","M",4751.1,633,7.814,"Ride",108.1,"United Kingdom",7.50568720379147,"GBR"
"239","M",12883.9,4894,2.721,"Run",143.9,"United States",2.63259092766653,"USA"
"240","M",17792.3,2161,11.141,"Ride",180.4,"United States",8.2333641832485,"USA"
"241","M",122193,18063,7.327,"Ride",147.4,"België",6.76482311908321,NA
"242","M",6193.3,1975,3.136,"Run",140.4,"United Kingdom",3.13584810126582,"GBR"
"243","M",32631.9,6377,5.379,"Ride",152.5,"United Kingdom",5.11712403951701,"GBR"
"244","M",31042.1,4465,6.952,"Ride",148.9,"España",6.95231802911534,NA
"245","M",23446.9,2863,8.19,"Ride",146.1,"Thailand",8.18962626615438,"THA"
"246","M",51725.1,6434,8.193,"Ride",132.4,"Canada",8.03933789244638,"CAN"
"247","M",58480.6,9384,7.084,"Ride",129.6,"United Kingdom",6.23194799658994,"GBR"
"248","M",19754.1,2790,7.357,"Ride",148,"Australia",7.08032258064516,"AUS"
"249","M",26631.2,3459,8.428,"Ride",162.6,"United States",7.69910378722174,"USA"
"250","M",3742,1363,2.745,"Run",133.2,"Netherlands",2.74541452677916,"NLD"
"251","M",50055.9,5406,9.259,"Ride",154.4,"United States",9.25932297447281,"USA"
"252","M",31348.6,3959,7.918,"Ride",148,"United States",7.91831270522859,"USA"
"253","M",24771.9,3147,8.329,"Ride",150.7,"República Federativa do Brasil",7.87159199237369,NA
"254","M",10120.4,5595,5.013,"Ride",113.6,"United Kingdom",1.80882931188561,"GBR"
"255","M",148109,22681,7.045,"Ride",122.9,"Australia",6.5300912658172,"AUS"
"256","M",12455.3,3173,3.925,"Run",152.7,"Australia",3.9254018279231,"AUS"
"257","M",68555.4,12491,6.266,"Ride",132.4,"United States",5.48838363621808,"USA"
"258","M",129072,27380,7.082,"Ride",143.3,"United Kingdom",4.71409788166545,"GBR"
"259","M",12634.4,2044,6.239,"Ride",89.7,"United Kingdom",6.1812133072407,"GBR"
"260","M",48633.6,8824,5.753,"Ride",145,"South Africa",5.51151405258386,"ZAF"
"261","M",70797.8,10149,7.883,"Ride",117.2,"United States",6.9758399842349,"USA"
"262","M",8671.9,3672,3.064,"Run",139.5,"South Africa",2.36162854030501,"ZAF"
"263","M",25504.3,3001,8.499,"Ride",142.8,"France",8.49860046651116,"FRA"
"264","M",48678.3,4956,9.822,"Ride",148.2,"United States",9.82209443099274,"USA"
"265","M",7327.4,3185,3.126,"Run",139.7,"Canada",2.30059654631083,"CAN"
"266","M",6193.9,2430,2.549,"Run",150.6,"Germany",2.54893004115226,"DEU"
"267","M",45521.3,7676,6.423,"Ride",149.3,"Romania",5.93034132360605,"ROU"
"268","M",10345.7,1802,5.741,"Ride",138.2,"Polska",5.74123196448391,NA
"269","M",36930.5,4131,8.986,"Ride",150.7,"United States",8.939845073832,"USA"
"270","M",44422.4,6866,7.163,"Ride",138.4,"United Kingdom",6.46990969997087,"GBR"
"271","M",46252.9,5421,8.532,"VirtualRide",137.9,"Switzerland",8.53217118612802,"CHE"
"272","M",30802.9,2701,11.404,"Ride",137.2,"United Kingdom",11.4042576823399,"GBR"
"273","M",48980.6,10739,4.837,"Ride",145,"Italy",4.56100195548934,"ITA"
"274","M",22378,5298,4.418,"Ride",113.4,"Spain",4.22385805964515,"ESP"
"275","M",21463.2,38581,6.289,"Ride",120.3,"Australia",0.556315284725642,"AUS"
"276","M",50507.4,10705,7.124,"Ride",151.3,"United States",4.71811303129379,"USA"
"277","M",15722.3,2606,6.529,"Ride",159.1,"United States",6.03311588641596,"USA"
"278","M",3101.3,1258,2.501,"Run",159.9,"Switzerland",2.46526232114467,"CHE"
"279","M",41760.9,4899,8.79,"Ride",159.5,"United Kingdom",8.52437232088181,"GBR"
"280","M",87035,10767,8.542,"Ride",147.7,"United Kingdom",8.08349586700102,"GBR"
"281","M",14536.9,4624,3.171,"Run",162.1,"United Kingdom",3.14379325259516,"GBR"
"282","M",15428.3,5024,3.413,"Run",164.4,"Deutschland",3.07091958598726,NA
"283","M",52497.8,7046,7.493,"Ride",136.8,"France",7.45072381493046,"FRA"
"284","M",18015.9,1799,10.014,"Ride",146.3,"United Kingdom",10.0143968871595,"GBR"
"285","M",101596,13235,7.781,"Ride",148.1,"France",7.67631280695127,"FRA"
"286","M",51947.8,11139,6.304,"Ride",166,"Japan",4.66359637310351,"JPN"
"287","M",35291.3,29587,4.233,"Ride",108.1,"United States",1.192797512421,"USA"
"288","M",8564.5,3025,2.831,"Ride",148.4,"United Kingdom",2.83123966942149,"GBR"
"289","M",132,23,5.739,"Ride",68,"República Federativa do Brasil",5.73913043478261,NA
"290","M",10163.5,3404,3.077,"Run",147.1,"United Kingdom",2.98575205640423,"GBR"
"291","M",111638,14808,7.776,"Ride",146.9,"United Kingdom",7.53903295515937,"GBR"
"292","M",26482.7,3950,7.312,"Ride",125.5,"United States",6.70448101265823,"USA"
"293","M",50223.4,11697,5.023,"Ride",160.8,"Portugal",4.29369923912114,"PRT"
"294","M",11152,1801,6.192,"Ride",122.2,"United States",6.19211549139367,"USA"
"295","M",208948,27904,7.986,"Ride",141.5,"België",7.48810206422018,NA
"296","M",7396,2964,2.552,"Run",134.4,"United Kingdom",2.49527665317139,"GBR"
"297","M",26813.4,44944,3.358,"Ride",157.2,"United States",0.596595763616946,"USA"
"298","M",74005.2,109897,6.689,"Ride",118.5,"België",0.673405097500387,NA
"299","M",52033.3,10799,5.88,"Ride",142,"United States",4.81834429113807,"USA"
"300","M",50158.5,6190,8.338,"Ride",133.3,"Nederland",8.10315024232633,NA
"301","M",57098.6,11491,5.642,"Ride",144.3,"South Africa",4.96898442259159,"ZAF"
"302","M",6490.4,2195,3.04,"Run",160.7,"United States",2.9569020501139,"USA"
"303","M",8658,2675,3.255,"Run",153.4,"United States",3.23663551401869,"USA"
"304","M",44796,9946,6.115,"Ride",132.5,"France",4.50392117434144,"FRA"
"305","M",11178.8,3363,3.949,"Ride",141.3,"United States",3.32405590246803,"USA"
"306","M",22909.5,5564,4.355,"Ride",130.7,"Germany",4.11745147375988,"DEU"
"307","M",4026.2,1333,3.02,"Run",130.3,"Suomi",3.02040510127532,NA
"308","M",48735.4,5442,8.955,"Ride",131.4,"United Kingdom",8.95542080117604,"GBR"
"309","M",33941.8,3607,9.41,"VirtualRide",150.3,"United States",9.40998059329082,"USA"
"310","M",16932,5768,4.631,"Ride",145.9,"South Africa",2.93550624133148,"ZAF"
"311","M",2066,239,8.644,"Ride",130.4,"Japan",8.64435146443515,"JPN"
"312","M",97748.5,13861,7.426,"Ride",149.7,"Spain",7.0520525214631,"ESP"
"313","M",15722.6,2371,7.262,"Ride",134.3,"United Kingdom",6.63121045972164,"GBR"
"314","M",16608.8,2562,7.074,"Ride",112,"Australia",6.48274785323966,"AUS"
"315","M",4736.1,1663,2.853,"Run",146,"United States",2.84792543595911,"USA"
"316","M",1361.1,502,2.711,"Run",127,"Brazil",2.71135458167331,"BRA"
"317","M",44543.8,8812,5.977,"Ride",107.7,"United Kingdom",5.05490240581026,"GBR"
"318","M",80381.5,20589,7.57,"Ride",147.3,"Canada",3.90409927631259,"CAN"
"319","M",89158.9,15640,7.193,"Ride",132.6,"Hong Kong",5.70069693094629,"HKG"
"320","M",49779.6,8175,6.089,"Ride",181.5,"Brazil",6.08924770642202,"BRA"
"321","M",57746.7,11176,6.696,"Ride",121.3,"United Kingdom",5.16702755905512,"GBR"
"322","M",29195.8,5608,6.332,"Ride",162.8,"Venezuela",5.20609843081312,"VEN"
"323","M",12026.9,5069,2.481,"Run",154.6,"Slovakia",2.37263760110475,"SVK"
"324","M",22426.2,3101,7.397,"Ride",126.5,"United Kingdom",7.23192518542406,"GBR"
"325","M",12531.6,3511,3.569,"Run",161.6,"Spain",3.56923953289661,"ESP"
"326","M",36061.2,5496,6.596,"Ride",183,"Belgium",6.56135371179039,"BEL"
"327","M",10427.3,1863,5.787,"Ride",140.4,"United Kingdom",5.59704777241009,"GBR"
"328","M",16825.5,5136,3.364,"Run",146.2,"France",3.27599299065421,"FRA"
"329","M",43.3,17,2.547,"Run",87.4,"France",2.54705882352941,"FRA"
"330","M",45555.4,24921,6.489,"Ride",123.4,"United States",1.82799245616147,"USA"
"331","M",15748.1,4751,3.542,"Ride",134.4,"Spain",3.31469164386445,"ESP"
"332","M",34470,5834,7.336,"Ride",137.2,"United States",5.90846760370243,"USA"
"333","M",12300.9,5251,2.706,"Run",150.6,"Australia",2.34258236526376,"AUS"
"334","M",10150.6,3806,2.909,"Run",143.6,"France",2.66699947451393,"FRA"
"335","M",4724.2,2224,2.626,"Run",135.3,"United States",2.12419064748201,"USA"
"336","M",2849.6,419,7.106,"Ride",131.1,"Nederland",6.80095465393795,NA
"337","M",23679.9,4907,5.643,"Ride",122.4,"United States",4.82573874057469,"USA"
"338","M",52964.8,7172,7.699,"Ride",154.7,"United States",7.38494143892917,"USA"
"339","M",25592.5,5705,4.646,"Ride",149.8,"South Africa",4.48597721297108,"ZAF"
"340","M",11056.3,25763,2.964,"Run",112.7,"Hong Kong",0.429154213406824,"HKG"
"341","M",9303.2,11440,1.06,"Ride",114.5,"Norge",0.813216783216783,NA
"342","M",14194,4063,3.51,"Run",141.7,"France",3.49347772581836,"FRA"
"343","M",67845.7,11308,6.503,"Ride",161.4,"United States",5.99979660417404,"USA"
"344","M",46973.8,438671,4.614,"Ride",127.8,"Italy",0.107082072897456,"ITA"
"345","M",93325.4,12680,8.618,"Ride",150.4,"Nederland",7.36004731861199,NA
"346","M",3278.9,1236,2.71,"Run",171.7,"United States",2.65283171521036,"USA"
"347","M",32724.3,3822,8.562,"Ride",151.3,"Sverige",8.56208791208791,NA
"348","M",21880.1,4396,5.048,"Ride",147.8,"United States",4.97727479526843,"USA"
"349","M",83466.8,8444,9.885,"Ride",169.4,"Australia",9.88474656560872,"AUS"
"350","M",10114.3,3276,3.087,"Run",147.3,"Brazil",3.08739316239316,"BRA"
"351","M",23938.3,7537,3.753,"Ride",151.7,"United States",3.17610455088231,"USA"
"352","M",13330.5,4079,3.323,"Run",136.7,"United States",3.26808041186565,"USA"
"353","M",120016,21082,7.452,"Ride",146.9,"United Kingdom",5.69281851816716,"GBR"
"354","M",186382,35953,9.911,"Ride",151,"United States",5.18404583762134,"USA"
"355","M",9978.2,3061,3.263,"Run",143,"Denmark",3.25978438418817,"DNK"
"356","M",25518,2830,9.017,"Ride",143.2,"United Kingdom",9.01696113074205,"GBR"
"357","M",26638.2,3884,7.207,"Ride",133.4,"United States",6.85844490216272,"USA"
"358","M",47776.3,5849,8.927,"Ride",139.9,"Suomi",8.16828517695333,NA
"359","M",32295.3,4818,6.813,"Ride",89.3,"United Kingdom",6.70305105853051,"GBR"
"360","M",12022.8,4884,3.242,"Ride",163.1,"Indonesia",2.46167076167076,"IDN"
"361","M",58785.6,10801,6.648,"Ride",134.3,"The Netherlands",5.44260716600315,"NLD"
"362","M",11075.5,3707,3.01,"Run",140.8,"Norway",2.9877259239277,"NOR"
"363","M",77449,9426,8.241,"Ride",160.1,"The Netherlands",8.21652875026522,"NLD"
"364","M",6216.3,1873,3.319,"Run",84.3,"Sweden",3.31890016017085,"SWE"
"365","M",37378.9,11884,4.97,"Ride",138.3,"Brazil",3.1453130259172,"BRA"
"366","M",56039.3,6380,8.784,"Ride",135.6,"Spain",8.78358934169279,"ESP"
"367","M",55659,7655,9.008,"Ride",112.9,"Norge",7.27093403004572,NA
"368","M",83665.4,15821,5.639,"Ride",143.5,"United States",5.28824979457683,"USA"
"369","M",13928.2,1998,6.971,"Ride",124.8,"Sverige",6.97107107107107,NA
"370","M",36442.2,4462,8.167,"Ride",151.7,"Austria",8.1672344240251,"AUT"
"371","M",110991,26940,7.282,"Ride",136,"Australia",4.11993318485523,"AUS"
"372","M",32146.7,4708,6.893,"Ride",125.7,"Sverige",6.82810110450297,NA
"373","M",837.1,172,4.867,"Run",143.8,"United States",4.86686046511628,"USA"
"374","M",52709.2,12057,6.781,"Ride",118.1,"United Kingdom",4.37166791075724,"GBR"
"375","M",89458.3,13333,7.209,"Ride",132.1,"Canada",6.70954023850596,"CAN"
"376","M",30996.3,85157,7.232,"Ride",149.2,"United Kingdom",0.363990041922567,"GBR"
"377","M",3287.7,1048,3.137,"Run",137,"United States",3.13711832061069,"USA"
"378","M",8630.8,3020,3.318,"Ride",100.1,"Sverige",2.85788079470199,NA
"379","M",62896.3,8104,9.046,"Ride",122,"United Kingdom",7.76114264560711,"GBR"
"380","M",14129.3,4817,3.033,"Run",161.5,"Australia",2.93321569441561,"AUS"
"381","M",43643.7,9135,4.825,"Ride",144.2,"Netherlands",4.7776354679803,"NLD"
"382","M",5092.3,2176,2.34,"Run",163.2,"United States",2.34021139705882,"USA"
"383","M",22028.3,3590,6.235,"Ride",113.4,"China",6.13601671309192,"CHN"
"384","M",56672,7505,7.942,"Ride",161.7,"The Netherlands",7.55123251165889,"NLD"
"385","M",15858.4,4243,3.738,"Run",150,"Spain",3.7375441904313,"ESP"
"386","M",65544.2,12064,7.66,"Ride",130.3,"United Kingdom",5.43304045092838,"GBR"
"387","M",14700.3,5038,3.465,"Ride",151,"United States",2.91788408098452,"USA"
"388","M",10871.8,2324,4.723,"Ride",138.1,"Germany",4.67805507745267,"DEU"
"389","M",115856,17058,8.155,"Ride",161.9,"República Federativa do Brasil",6.79188650486575,NA
"390","M",38192.4,36611,7.159,"Ride",123.9,"Norge",1.0431946682691,NA
"391","M",19831.9,5260,3.796,"Run",144,"United Kingdom",3.77032319391635,"GBR"
"392","M",14127.9,3892,3.637,"Run",148,"France",3.62998458376156,"FRA"
"393","M",25401.4,5331,4.882,"Ride",130.2,"United States",4.76484712061527,"USA"
"394","M",8280.5,2948,7.289,"Ride",159.6,"United States",2.80885345997286,"USA"
"395","M",47423.8,6494,8.019,"Ride",122.2,"United Kingdom",7.30271019402525,"GBR"
"396","M",86071.5,17097,6.842,"Ride",130.7,"Slovenia",5.03430426390595,"SVN"
"397","M",3404.5,802,4.878,"Ride",108.7,"United States",4.24501246882793,"USA"
"398","M",3171.2,1022,3.462,"Ride",166,"Polska",3.10293542074364,NA
"399","M",31015.7,6914,4.786,"Ride",147.4,"United States",4.4859271044258,"USA"
"400","M",46713.8,7288,6.883,"Ride",105,"United Arab Emirates",6.40968715697036,"ARE"
"401","M",12512.3,1804,6.936,"Ride",113.9,"Australia",6.93586474501109,"AUS"
"402","M",5222.5,2115,2.632,"Run",169.9,"United States",2.46926713947991,"USA"
"403","M",3216.8,1059,3.038,"Run",160.4,"United Kingdom",3.03758262511804,"GBR"
"404","M",80061.6,20704,5.943,"Ride",110.9,"Israel",3.8669629057187,"ISR"
"405","M",14855.9,2247,6.846,"Ride",153.2,"United States",6.61143747218514,"USA"
"406","M",41210.3,5154,8.791,"Ride",117.5,"Singapore",7.99578967792006,"SGP"
"407","M",31349.2,4526,7.376,"Ride",145.4,"Spain",6.92646928855502,"ESP"
"408","M",753.2,3625,0.939,"Ride",150.5,"Russia",0.207779310344828,"RUS"
"409","M",10016.7,3442,2.91,"Run",153.3,"The Netherlands",2.91013945380593,"NLD"
"410","M",109528,19077,7.08,"Ride",110.5,"South Africa",5.74136394611312,"ZAF"
"411","M",84526.8,12840,6.744,"Ride",103.5,"Spain",6.58308411214953,"ESP"
"412","M",29541.1,4003,7.38,"Ride",143.6,"United States",7.37974019485386,"USA"
"413","M",66178.9,7801,8.627,"Ride",149.7,"France",8.48338674528907,"FRA"
"414","M",21283.1,5810,3.663,"Run",166.9,"Israel",3.66318416523236,"ISR"
"415","M",39458,5949,6.725,"Ride",150.4,"Spain",6.63271138006388,"ESP"
"416","M",6250.4,1386,5.522,"Ride",111.8,"United States",4.50966810966811,"USA"
"417","M",35034.2,6589,7.907,"Ride",124.9,"Italia",5.31707391106389,NA
"418","M",23688.7,4062,5.949,"Run",145.2,"Brasil",5.83178237321517,NA
"419","M",86278.6,13611,8.745,"Ride",146.7,"The Netherlands",6.3388876643891,"NLD"
"420","M",23968.8,5090,6.26,"Ride",147.8,"France",4.70899803536346,"FRA"
"421","M",39321.5,6836,6.021,"Ride",152.5,"United States",5.75212112346401,"USA"
"422","M",46111.8,5279,8.881,"Ride",153.4,"United States",8.73494980109869,"USA"
"423","M",37434,3618,10.347,"VirtualRide",152.7,"United Kingdom",10.346600331675,"GBR"
"424","M",7440,2961,2.531,"Run",157.9,"Italy",2.51266464032421,"ITA"
"425","M",81161.3,20785,5.005,"Ride",160.5,"Italia",3.90480153957181,NA
"426","M",29669.5,8956,4.518,"Ride",104.8,"Indonesia",3.31280705672175,"IDN"
"427","M",42645.4,5886,7.717,"Ride",162.2,"United States",7.24522595990486,"USA"
"428","M",29233,5107,6.064,"Ride",156.4,"New Zealand",5.72410417074603,"NZL"
"429","M",117189,18504,7.392,"Ride",138.5,"Australia",6.33317120622568,"AUS"
"430","M",28110.5,4378,6.991,"Ride",135.3,"United States",6.42085427135678,"USA"
"431","M",5257.6,1603,3.28,"Run",138,"United Kingdom",3.27985028072364,"GBR"
"432","M",12195.6,3835,5.678,"Ride",105.3,"United States",3.18007822685789,"USA"
"433","M",72991.9,9126,8.212,"Ride",148.8,"United States",7.99823580977427,"USA"
"434","M",43962.2,5521,8.005,"Ride",142.1,"United States",7.96272414417678,"USA"
"435","M",48706.9,137053,7.599,"Ride",128.5,"China",0.355387331908094,"CHN"
"436","M",42687.2,9051,7.712,"Ride",125.7,"Thailand",4.71629654181858,"THA"
"437","M",15549.1,2711,5.908,"Ride",134.9,"New Zealand",5.73555883437846,"NZL"
"438","M",3825.1,577,6.629,"Ride",144.6,"United Kingdom",6.62928942807626,"GBR"
"439","M",19146,2861,6.749,"Ride",138,"Australia",6.69206571128976,"AUS"
"440","M",29051.5,7705,5.823,"Ride",121.8,"Ireland",3.7704737183647,"IRL"
"441","M",21424,8131,2.635,"Run",148.4,"Sweden",2.63485426146845,"SWE"
"442","M",12029,3334,3.611,"Run",150.6,"Spain",3.60797840431914,"ESP"
"443","M",3466.7,1203,2.882,"Run",175.8,"United States",2.88171238570241,"USA"
"444","M",43645.1,6271,7.02,"Ride",137.5,"Portugal",6.9598309679477,"PRT"
"445","M",109821,14007,8.151,"Ride",148.9,"United States",7.84043692439494,"USA"
"446","M",23502.1,14290,2.646,"Ride",114.6,"Italy",1.64465360391882,"ITA"
"447","M",1880,786,2.513,"Run",175.1,"South Africa",2.39185750636132,"ZAF"
"448","M",74031,13731,7.138,"Ride",118.9,"United States",5.39152283154905,"USA"
"449","M",2717.1,2170,1.261,"Run",164.4,"Switzerland",1.2521198156682,"CHE"
"450","M",61380,9153,7.32,"Ride",167.5,"Thailand",6.70599803343166,"THA"
"451","M",48092.9,7688,6.639,"Ride",155.3,"United States",6.25558012486993,"USA"
"452","M",3344.8,1187,2.96,"Run",174.5,"United States",2.8178601516428,"USA"
"453","M",14074.6,2164,6.803,"Ride",103.1,"New Zealand",6.5039741219963,"NZL"
"454","M",18095.4,2160,8.378,"Ride",133.5,"Ireland",8.3775,"IRL"
"455","M",35350.8,5116,7.263,"Ride",138.2,"Switzerland",6.90985144644253,"CHE"
"456","M",26353.1,3873,6.93,"Ride",143.4,"United States",6.80431190291763,"USA"
"457","M",2198.4,844,2.636,"Run",123.1,"Brazil",2.60473933649289,"BRA"
"458","M",30795.3,7274,4.444,"Ride",108.1,"United States",4.23361286774814,"USA"
"459","M",36820.5,8023,4.724,"Ride",115.4,"Sverige",4.58936806680793,NA
"460","M",51224.1,8281,6.769,"Ride",128.2,"Canada",6.18573843738679,"CAN"
"461","M",17605.3,5206,3.382,"Run",149.5,"Netherlands",3.38173261621206,"NLD"
"462","M",53714,6717,7.997,"Ride",147.2,"Sweden",7.99672472830133,"SWE"
"463","M",17998.3,2581,7.669,"Ride",131.1,"United States",6.97338240991864,"USA"
"464","M",11977.1,4657,2.585,"Run",154.4,"Italy",2.5718488297187,"ITA"
"465","M",9868.4,3978,2.481,"Run",122.4,"United States",2.4807440925088,"USA"
"466","M",64478.6,5867,11.1,"Ride",160,"Norge",10.9900460201125,NA
"467","M",16261.1,5321,3.056,"Run",146.9,"United States",3.05602330389025,"USA"
"468","M",80825.2,10742,8.097,"Ride",134.9,"United States",7.52422267734128,"USA"
"469","M",11391.5,3603,3.164,"Run",154.4,"Austria",3.161670829864,"AUT"
"470","M",108667,13571,8.768,"Ride",144,"Magyarország",8.00729496720949,NA
"471","M",26634,3512,8.274,"Ride",143.9,"United Kingdom",7.58371298405467,"GBR"
"472","M",13476.6,3197,4.62,"Ride",136.1,"Chile",4.21538942758836,"CHL"
"473","M",21958.4,9118,2.469,"Run",134,"Magyarország",2.40824742268041,NA
"474","M",7603.1,2889,2.693,"Run",154.2,"United States",2.63174108688127,"USA"
"475","M",67343.6,11301,9.289,"Ride",153,"United States",5.95908326696753,"USA"
"476","M",47591.6,11827,4.329,"Ride",147.2,"Australia",4.02397903103069,"AUS"
"477","M",7014.8,1531,4.627,"Ride",143,"United States",4.58184193337688,"USA"
"478","M",85006.4,10877,7.887,"Ride",119.2,"Spain",7.81524317366921,"ESP"
"479","M",26072.5,2714,9.607,"VirtualRide",144.3,"Deutschland",9.60666912306559,NA
"480","M",95768.7,13558,7.881,"Ride",114.6,"Australia",7.06363032895707,"AUS"
"481","M",7563.4,3933,2.205,"Run",173.3,"France",1.92306127637935,"FRA"
"482","M",66070.7,8726,7.928,"Ride",147,"United States",7.5717052486821,"USA"
"483","M",51053.9,7258,8.019,"Ride",147.7,"The Netherlands",7.0341554147148,"NLD"
"484","M",18039.7,2390,7.67,"Ride",163.9,"United States",7.54799163179916,"USA"
"485","M",52944.9,6917,7.827,"Ride",159.2,"Australia",7.65431545467688,"AUS"
"486","M",7127.7,3101,2.431,"Run",145.9,"United Kingdom",2.29851660754595,"GBR"
"487","M",201231,41932,7.386,"Ride",127.2,"Nederland",4.79898406944577,NA
"488","M",34381.2,5240,7.133,"Ride",146.4,"United Kingdom",6.56129770992366,"GBR"
"489","M",10730.4,2388,4.588,"Ride",116.4,"Papua New Guinea",4.49346733668342,"PNG"
"490","M",13003.2,4142,3.286,"Run",164.2,"Brazil",3.13935296957991,"BRA"
"491","M",8491.3,3380,2.532,"Run",144.1,"United States",2.51221893491124,"USA"
"492","M",5009.5,1576,3.179,"Run",164.5,"Poland",3.17861675126904,"POL"
"493","M",36242.2,5857,7.374,"Ride",147.3,"Norway",6.18784360594161,"NOR"
"494","M",11278.8,15521,7.272,"Ride",140,"Australia",0.726679981959925,"AUS"
"495","M",24400,4410,6.663,"Ride",108,"Australia",5.5328798185941,"AUS"
"496","M",50243.9,6266,8.118,"Ride",137.8,"United States",8.01849664857964,"USA"
"497","M",25715.5,7755,5.445,"Ride",149.1,"Australia",3.31598968407479,"AUS"
"498","M",18733.2,3894,4.853,"Ride",119.3,"France",4.81078582434515,"FRA"
"499","M",24315,5334,5.938,"Ride",140,"Germany",4.55849268841395,"DEU"
"500","M",87041.1,10448,8.715,"Ride",145.8,"Italy",8.33088629402757,"ITA"
"501","M",32102.5,5248,6.595,"Ride",114.9,"Suomi",6.11709222560976,NA
"502","M",125508,21674,6.774,"Ride",135.8,"United Kingdom",5.79071698809634,"GBR"
"503","M",55120.2,8678,6.783,"Ride",147.3,"Spain",6.35171698548053,"ESP"
"504","M",169.6,10262,2.924,"Ride",72,"United Kingdom",0.01652699278893,"GBR"
"505","M",45402.2,5044,9.001,"Ride",155.1,"United States",9.00122918318795,"USA"
"506","M",34618.3,7070,5.684,"Ride",132.3,"Switzerland",4.89650636492221,"CHE"
"507","M",44803.4,8624,8.804,"Ride",159,"United States",5.19519944341373,"USA"
"508","M",16149.3,2333,6.922,"Ride",177.9,"United States",6.92211744534934,"USA"
"509","M",53665.2,8821,6.168,"Ride",117.5,"United States",6.08380002267317,"USA"
"510","M",40912.6,5417,7.553,"VirtualRide",158.3,"Sweden",7.55263060734724,"SWE"
"511","M",3542.7,1372,2.719,"Run",167,"United Kingdom",2.58214285714286,"GBR"
"512","M",12149.5,1896,6.408,"Ride",120.8,"China",6.4079641350211,"CHN"
"513","M",52534.6,8070,6.652,"Ride",141.1,"United States",6.50986369268897,"USA"
"514","M",76125.9,12238,6.988,"Ride",121.2,"South Africa",6.22045268834777,"ZAF"
"515","M",12065.6,3680,3.417,"Run",152.3,"United Kingdom",3.27869565217391,"GBR"
"516","M",40740.6,6472,6.295,"Ride",144.7,"Norge",6.29490111248455,NA
"517","M",130518,17307,7.878,"Ride",144.8,"Ireland",7.54134165366615,"IRL"
"518","M",10696,5672,2.377,"Run",150.6,"Peru",1.88575458392102,"PER"
"519","M",3304.9,1241,2.798,"Ride",103.7,"United States",2.66309427880741,"USA"
"520","M",91316,12681,8.323,"Ride",131.6,"België",7.20100938411797,NA
"521","M",58090.6,8704,6.774,"Ride",135.3,"España",6.67401194852941,NA
"522","M",15654.5,3981,4.156,"Ride",161.7,"United States",3.9323034413464,"USA"
"523","M",54499,8517,6.588,"Ride",134.3,"Italia",6.39884936010332,NA
"524","M",81239.1,11396,8.014,"Ride",134.3,"Canada",7.12873815373815,"CAN"
"525","M",124734,20585,6.858,"Ride",134.8,"Australia",6.05946077240709,"AUS"
"526","M",10627.6,4869,2.252,"Run",143.1,"The Netherlands",2.18270692133908,"NLD"
"527","M",12547.4,3786,3.32,"Run",147.8,"Italia",3.31415742208135,NA
"528","M",21302.6,2092,10.183,"Ride",140.4,"United States",10.1828871892925,"USA"
"529","M",10335.5,4075,2.536,"Run",148.3,"Australia",2.53631901840491,"AUS"
"530","M",7714.1,2852,2.812,"Run",159.2,"Norway",2.70480364656382,"NOR"
"531","M",48299.5,8769,5.601,"Ride",126.5,"Norway",5.50798266621051,"NOR"
"532","M",40026.3,4877,8.787,"Ride",168.8,"Deutschland",8.20715603854829,NA
"533","M",58431.8,7904,7.756,"Ride",136.3,"Brasil",7.39268724696356,NA
"534","M",34049.6,4779,7.513,"Ride",129.3,"Belgium",7.12483783218246,"BEL"
"535","M",2358.2,656,3.595,"Run",147,"United States",3.59481707317073,"USA"
"536","M",19359,3304,5.859,"Ride",54.3,"United Kingdom",5.85926150121065,"GBR"
"537","M",26291.1,11001,3.229,"Ride",118.4,"United Kingdom",2.38988273793291,"GBR"
"538","M",42707.2,7223,6.894,"Ride",151.6,"Portugal",5.91266786653745,"PRT"
"539","M",59798.5,9641,6.52,"Ride",126.4,"United States",6.20252048542682,"USA"
"540","M",9625,2975,3.258,"Run",138.1,"Ireland",3.23529411764706,"IRL"
"541","M",36850.3,4389,8.516,"Ride",135.7,"The Netherlands",8.39605832763728,"NLD"
"542","M",20926.1,3134,6.677,"VirtualRide",154.5,"United States",6.6771218889598,"USA"
"543","M",80636.5,15999,7.133,"Ride",135.6,"Belgium",5.040096256016,"BEL"
"544","M",41893.8,7699,5.774,"Ride",120.3,"Peru",5.44145992986102,"PER"
"545","M",29600.3,4011,7.38,"Ride",133.8,"United States",7.37978060334081,"USA"
"546","M",11971.5,4020,3.536,"Ride",146,"Australia",2.97798507462687,"AUS"
"547","M",28424.6,3919,7.253,"Ride",145.5,"United States",7.25302373054351,"USA"
"548","M",43348.8,11826,4.185,"Ride",100.7,"Norway",3.66555048198884,"NOR"
"549","M",42681.8,5757,7.533,"Ride",137.2,"United States",7.41389612645475,"USA"
"550","M",38422.7,3728,10.396,"Ride",150.8,"대한민국",10.3065182403433,NA
"551","M",8755.8,2718,3.24,"Run",113.9,"Germany",3.22141280353201,"DEU"
"552","M",37403.4,8840,5.467,"Ride",110.9,"Brazil",4.23115384615385,"BRA"
"553","M",10346.1,3984,2.617,"Run",131.9,"United Kingdom",2.59691265060241,"GBR"
"554","M",18888.5,2380,7.936,"Ride",122.7,"Italien",7.93634453781513,NA
"555","M",103756,12864,8.857,"Ride",142.6,"Hrvatska",8.06560945273632,NA
"556","M",50265.6,6301,8.018,"Ride",69,"United States",7.97740041263291,"USA"
"557","M",19585.3,2639,8.157,"Ride",138,"United States",7.42148541114058,"USA"
"558","M",32515.1,3600,9.032,"Ride",154.9,"United Kingdom",9.03197222222222,"GBR"
"559","M",9525.3,3399,3.108,"Ride",172.5,"Italy",2.80238305383936,"ITA"
"560","M",4834.2,1441,3.624,"Run",150.1,"United States",3.35475364330326,"USA"
"561","M",58236.9,9398,7.373,"Ride",131.6,"United States",6.19673334752075,"USA"
"562","M",24183.5,3600,6.718,"Ride",124.6,"United Kingdom",6.71763888888889,"GBR"
"563","M",31538.7,8720,3.742,"Ride",67.4,"United Kingdom",3.61682339449541,"GBR"
"564","M",3113.3,1845,1.687,"Walk",49,"United Kingdom",1.68742547425474,"GBR"
"565","M",6270.6,7825,0.801,"Crossfit",101,"United Kingdom",0.801354632587859,"GBR"
"566","M",48464.2,5400,8.975,"Ride",146.8,"United Kingdom",8.97485185185185,"GBR"
"567","M",9651.1,1443,6.894,"Ride",119.9,"Australia",6.68821898821899,"AUS"
"568","M",21205.2,6608,3.317,"Run",148.7,"United Kingdom",3.20901937046005,"GBR"
"569","M",12149.5,4178,3.144,"Run",144.4,"Poland",2.90797032072762,"POL"
"570","M",24220.4,3350,7.621,"Ride",106.8,"United States",7.22997014925373,"USA"
"571","M",7940.3,2147,4.743,"Ride",134.5,"United States",3.69832324173265,"USA"
"572","M",6546.2,2406,2.965,"Run",165,"United Kingdom",2.72078137988362,"GBR"
"573","M",5549.1,2977,2.129,"Run",141.1,"Sweden",1.86399059455828,"SWE"
"574","M",694.1,2600,0.267,"Ride",125.5,"United States",0.266961538461538,"USA"
"575","M",24119.7,2102,11.475,"Ride",127.9,"United States",11.4746431969553,"USA"
"576","M",144820,17492,8.306,"Ride",155.5,"España",8.27921335467642,NA
"577","M",48297.1,10183,6.912,"Ride",131.7,"Australia",4.74291466169105,"AUS"
"578","M",89423.3,10715,9.733,"Ride",146.6,"Denmark",8.34561829211386,"DNK"
"579","M",117787,16195,7.728,"Ride",148.2,"United Kingdom",7.27304723680148,"GBR"
"580","M",63614,9478,7.445,"Ride",116.9,"Sweden",6.71175353450095,"SWE"
"581","M",24128.9,7070,3.424,"Run",149.2,"Italy",3.41285714285714,"ITA"
"582","M",21627,6763,3.198,"Run",156.5,"Schweiz",3.19784119473606,NA
"583","M",1005,343,2.93,"Run",123.6,"United States",2.93002915451895,"USA"
"584","M",10631.9,3602,2.965,"Run",148,"Sweden",2.95166574125486,"SWE"
"585","M",56028.2,7326,8.037,"Ride",105.5,"United States",7.64785694785695,"USA"
"586","M",70276.1,8720,8.107,"Ride",133.2,"Italia",8.05918577981651,NA
"587","M",27671.7,4556,7.117,"Ride",152.5,"Australia",6.07368305531168,"AUS"
"588","M",33653.7,5535,6.146,"Ride",133.5,"Sweden",6.08016260162602,"SWE"
"589","M",53001.2,7398,7.365,"Ride",149.4,"United States",7.16426061097594,"USA"
"590","M",24872,5913,6.221,"Ride",127.2,"Australia",4.2063250465077,"AUS"
"591","M",79439.4,9797,8.564,"Ride",140.3,"United States",8.10854343166275,"USA"
"592","M",14607.6,2671,5.533,"Ride",142.6,"Italy",5.46896293523025,"ITA"
"593","M",19359,3304,5.859,"Ride",54.3,"United Kingdom",5.85926150121065,"GBR"
"594","M",29112.6,4025,7.818,"Ride",109.6,"United States",7.23294409937888,"USA"
"595","M",7696.1,2253,3.416,"Run",154.7,"Canada",3.41593430980914,"CAN"
"596","M",6463,2273,2.856,"Run",146.2,"France",2.84337879454465,"FRA"
"597","M",5132.7,2002,2.569,"Run",160.5,"Italy",2.56378621378621,"ITA"
"598","M",40971.9,5089,8.66,"Ride",157.4,"United States",8.05107093731578,"USA"
"599","M",37568,5322,7.239,"Ride",123.1,"United States",7.05900037579857,"USA"
"600","M",131473,18399,7.762,"Ride",108.9,"United States",7.14566009022229,"USA"
"601","M",2470,1497,3.183,"Run",173.3,"South Africa",1.6499665998664,"ZAF"
"602","M",10193.1,4126,2.507,"Run",161.8,"France",2.47045564711585,"FRA"
"603","M",5281,965,5.473,"Ride",150.5,"United Kingdom",5.47253886010363,"GBR"
"604","M",3488.2,47380,2.986,"Run",139.5,"The Netherlands",0.0736217813423385,"NLD"
"605","M",110224,17233,8.002,"Ride",146.3,"United Kingdom",6.39610050484535,"GBR"
"606","M",2439.3,2182,1.764,"Run",122.5,"United States",1.117919340055,"USA"
"607","M",22585.7,3218,7.019,"Ride",152.7,"Australia",7.01855189558732,"AUS"
"608","M",17651.2,2294,7.749,"Ride",145.9,"Australia",7.69450741063644,"AUS"
"609","M",39492.2,7646,7.495,"Ride",142.7,"United States",5.16507978027727,"USA"
"610","M",10029.3,3356,3.063,"Run",171.4,"France",2.9884684147795,"FRA"
"611","M",52425.7,7030,7.526,"Ride",123.3,"Italia",7.4574253200569,NA
"612","M",8856.4,1920,4.613,"Ride",120.6,"Ireland",4.61270833333333,"IRL"
"613","M",35078.3,4094,8.711,"Ride",150.5,"België",8.56822178798241,NA
"614","M",132327,17997,7.732,"Ride",143.2,"Schweiz",7.35272545424237,NA
"615","M",17866.6,3620,5.482,"Ride",136.7,"United Kingdom",4.93552486187845,"GBR"
"616","M",8329.4,2088,3.989,"Run",164.1,"United States",3.98917624521073,"USA"
"617","M",17251.3,5174,3.341,"Run",152.5,"Hungary",3.33422883649014,"HUN"
"618","M",7254.1,1891,3.836,"Run",159.6,"United States",3.83611845584347,"USA"
"619","M",23491.9,2702,8.694,"Ride",141.7,"United States",8.69426350851221,"USA"
"620","M",57814.9,7200,8.03,"Ride",148.4,"Lithuania",8.02984722222222,"LTU"
"621","M",11785.9,3384,3.545,"Ride",155.6,"United States",3.48283096926714,"USA"
"622","M",43832.4,8824,7.403,"Ride",136.4,"Australia",4.96740707162285,"AUS"
"623","M",21692.2,209016,3.404,"Ride",155,"New Zealand",0.103782485551345,"NZL"
"624","M",28569.5,4046,7.386,"Ride",156.1,"Deutschland",7.0611715274345,NA
"625","M",20481.8,6402,3.24,"Run",151.5,"Deutschland",3.19928147453921,NA
"626","M",142185,27104,6.174,"Ride",108.5,"The Netherlands",5.2459046635183,"NLD"
"627","M",2652.3,1106,2.47,"Run",135.7,"United Kingdom",2.39810126582279,"GBR"
"628","M",8206.1,2340,3.511,"Run",157,"United Kingdom",3.50688034188034,"GBR"
"629","M",76045.8,11695,6.625,"Ride",134.7,"Italia",6.50241983753741,NA
"630","M",94852.3,15232,7.155,"Ride",152.9,"República Federativa do Brasil",6.22717305672269,NA
"631","M",11631.5,3253,3.576,"Run",156.7,"United Kingdom",3.57562250230556,"GBR"
"632","M",50611.3,6892,7.542,"Ride",130.5,"Denmark",7.34348520023215,"DNK"
"633","M",8858.8,1185,7.737,"Ride",136.8,"United States",7.4757805907173,"USA"
"634","M",52903.4,9727,6.909,"Ride",143.4,"Norway",5.43881977999383,"NOR"
"635","M",13226.9,4679,5.551,"Ride",97.4,"The Netherlands",2.82686471468262,"NLD"
"636","M",58107.5,7615,8.762,"Ride",141,"United States",7.6306631648063,"USA"
"637","M",44710.1,5325,8.513,"Ride",146.1,"Italia",8.39626291079812,NA
"638","M",81556.5,14684,5.838,"Ride",150,"Nederland",5.55410651048761,NA
"639","M",13866.7,1518,9.232,"Ride",171,"United States",9.13484848484848,"USA"
"640","M",30930.2,4477,7.218,"Ride",124.7,"United States",6.9086888541434,"USA"
"641","M",48416.1,7748,6.526,"Ride",157,"Belgium",6.24885131646877,"BEL"
"642","M",61008.5,9488,6.786,"Ride",112.2,"Italy",6.43006956155143,"ITA"
"643","M",10081.5,3157,3.193,"Run",143.6,"New Zealand",3.19337979094077,"NZL"
"644","M",32504.1,14680,2.486,"Ride",130,"United States",2.2141757493188,"USA"
"645","M",29562.7,6916,4.578,"Ride",151.8,"Namibia",4.27453730480046,"NAM"
"646","M",70027.6,13066,7.023,"Ride",151.8,"Australia",5.35952854737487,"AUS"
"647","M",29012.8,11706,3.549,"Ride",150.9,"España",2.47845549290962,NA
"648","M",45524.2,6275,7.273,"Ride",144,"Deutschland",7.25485258964143,NA
"649","M",10003.3,3249,3.136,"Run",151,"United Arab Emirates",3.07888581101877,"ARE"
"650","M",31905.8,4759,6.969,"Ride",146.3,"United States",6.70430762765287,"USA"
"651","M",54517.3,5957,9.221,"Ride",152,"Espanya",9.15180459963069,NA
"652","M",32538.2,4992,7.244,"Ride",168.4,"United States",6.51806891025641,"USA"
"653","M",1884.9,357,5.56,"Ride",119.6,"United States",5.27983193277311,"USA"
"654","M",25935.4,5690,5.22,"Ride",143.8,"United States",4.55806678383128,"USA"
"655","M",44104.7,6189,7.175,"Ride",155.5,"Denmark",7.12630473420585,"DNK"
"656","M",50332.9,8325,6.114,"Ride",135.6,"France",6.04599399399399,"FRA"
"657","M",1502.8,551,3.729,"Ride",139.6,"United Kingdom",2.72740471869328,"GBR"
"658","M",12445.5,1381,9.012,"Ride",153.4,"Canada",9.01194786386676,"CAN"
"659","M",5187.4,2217,2.34,"Run",119.5,"Portugal",2.33982859720343,"PRT"
"660","M",124316,17320,7.42,"Ride",146.1,"Deutschland",7.17759815242494,NA
"661","M",5604.4,2712,2.251,"Run",166.7,"United States",2.0665191740413,"USA"
"662","M",36908.5,5149,7.573,"Ride",126.2,"United Kingdom",7.16809089143523,"GBR"
"663","M",42840.1,4888,8.764,"Ride",149.7,"United States",8.76434124386252,"USA"
"664","M",35113.5,6387,6.104,"Ride",128,"United States",5.49765147956787,"USA"
"665","M",173496,36882,5.599,"Ride",153.8,"Singapore",4.70408329266309,"SGP"
"666","M",92284.7,11506,8.295,"Ride",117.6,"United States",8.02057187554319,"USA"
"667","M",52433.6,7832,7.262,"Ride",129.6,"Brazil",6.69479060265577,"BRA"
"668","M",44.8,2124,1.12,"Ride",106.6,"United States",0.0210922787193974,"USA"
"669","M",11559.4,4424,2.766,"Run",165.5,"France",2.6128842676311,"FRA"
"670","M",8062.9,2398,3.362,"Run",169.6,"United States",3.36234361968307,"USA"
"671","M",57874.5,7257,7.975,"Ride",133.7,"Switzerland",7.97498966515089,"CHE"
"672","M",14884.2,3681,4.106,"Ride",141,"Venezuela",4.04352078239609,"VEN"
"673","M",40749.3,5041,8.084,"Ride",143.3,"Australia",8.08357468756199,"AUS"
"674","M",25690,3600,7.136,"Ride",126.6,"United States",7.13611111111111,"USA"
"675","M",41862,5405,7.745,"Ride",129.6,"United States",7.74505087881591,"USA"
"676","M",29865.5,5051,6.107,"Ride",109.9,"Deutschland",5.91278954662443,NA
"677","M",46835.7,7258,6.652,"Ride",145.3,"België",6.45297602645357,NA
"678","M",112668,18711,6.291,"Ride",123.3,"Poland",6.02148468815135,"POL"
"679","M",65245,7505,9.276,"Ride",139.4,"Belgium",8.69353764157228,"BEL"
"680","M",40408.2,5368,7.75,"Ride",163.8,"United States",7.52760804769001,"USA"
"681","M",10063.6,2405,4.184,"VirtualRide",146.3,"United Kingdom",4.18444906444906,"GBR"
"682","M",83052.5,8251,10.066,"Ride",135.3,"България",10.0657496061084,NA
"683","M",38440.1,4590,8.375,"Ride",166.8,"Australia",8.37474945533769,"AUS"
"684","M",39207,5268,7.868,"Ride",105.4,"Canada",7.44248291571754,"CAN"
"685","M",19253.8,4984,3.968,"Ride",113,"France",3.86312199036918,"FRA"
"686","M",38139.4,6527,5.91,"Ride",176.5,"United States",5.84332771564272,"USA"
"687","M",5698.5,2305,2.472,"Run",126.2,"South Africa",2.47223427331887,"ZAF"
"688","M",17688.5,2137,8.277,"Ride",143,"Australia",8.27725783809078,"AUS"
"689","M",7666.8,2938,2.675,"Run",146.3,"United States",2.60953029271613,"USA"
"690","M",2628.1,1021,2.574,"Run",134,"Norway",2.57404505386876,"NOR"
"691","M",1132.5,290,3.905,"Ride",133.8,"South Africa",3.9051724137931,"ZAF"
"692","M",185275,24183,7.855,"Ride",128.3,"New Zealand",7.66137369226316,"NZL"
"693","M",50686.8,7148,7.091,"Ride",145.2,"United States",7.09104644655848,"USA"
"694","M",6956.6,2114,3.338,"Ride",82.8,"Australia",3.29072847682119,"AUS"
"695","M",39527.8,17477,3.162,"Ride",138.5,"United States",2.26170395376781,"USA"
"696","M",75091.6,9561,8.319,"Ride",162.8,"United Kingdom",7.85394833176446,"GBR"
"697","M",11623.2,3999,2.915,"Run",117.5,"Norway",2.90652663165791,"NOR"
"698","M",29828.1,5105,7.997,"Ride",128.6,"Australia",5.84291870714985,"AUS"
"699","M",29419.3,4231,7.072,"Ride",178.8,"Guernsey",6.95327345781139,"GGY"
"700","M",8350.4,1213,6.884,"Ride",131,"Germany",6.8840890354493,"DEU"
"701","M",11492.8,4023,3.067,"Run",155.9,"United States",2.85677355207557,"USA"
"702","M",37764.8,5355,7.117,"Ride",167,"United Kingdom",7.0522502334267,"GBR"
"703","M",23336.7,5703,4.103,"Ride",143.4,"New Zealand",4.09200420831142,"NZL"
"704","M",20377,1951,10.444,"Ride",142.5,"United States",10.444387493593,"USA"
"705","M",58361.3,17347,6.002,"Ride",134.8,"United States",3.36434541995734,"USA"
"706","M",85184,13645,8.642,"Ride",136.6,"Australia",6.24287284719678,"AUS"
"707","M",8053.9,2668,3.022,"Run",156.6,"United States",3.01870314842579,"USA"
"708","M",4353.2,4066,4.706,"Ride",108.6,"Australia",1.07063453025086,"AUS"
"709","M",15787.9,4345,3.647,"Run",160.9,"United Kingdom",3.63357882623705,"GBR"
"710","M",20005.6,1690,12.132,"Ride",157.7,"Taiwan",11.8376331360947,"TWN"
"711","M",38403,5947,6.679,"Ride",131.7,"United States",6.45754161762233,"USA"
"712","M",47816,8031,6.097,"Ride",136.6,"India",5.95392852695804,"IND"
"713","M",30815.5,4880,6.818,"Ride",143.4,"Australia",6.31465163934426,"AUS"
"714","M",114686,17412,6.837,"Ride",146.6,"United States",6.58660693774408,"USA"
"715","M",54,2877,3.857,"Ride",71,"Brazil",0.0187695516162669,"BRA"
"716","M",16098.1,7110,2.48,"Run",149,"United States",2.26414908579466,"USA"
"717","M",11572.1,3748,3.223,"Run",156,"France",3.08754002134472,"FRA"
"718","M",45511.7,7313,6.747,"Ride",136.7,"Brazil",6.22339669082456,"BRA"
"719","M",65678.6,13312,6.793,"Ride",130.8,"Sweden",4.9337890625,"SWE"
"720","M",31395,3819,8.255,"Ride",130.1,"United States",8.22073841319717,"USA"
"721","M",13176.6,4639,3.26,"Run",149.5,"United States",2.84039663720629,"USA"
"722","M",21223.7,3693,5.747,"Ride",140.4,"Schweiz",5.74700785269429,NA
"723","M",2111.9,535,3.947,"Ride",131.7,"Polska",3.94747663551402,NA
"724","M",49288.6,6362,7.974,"Ride",108.2,"United States",7.74734360264068,"USA"
"725","M",111867,31090,6.438,"Ride",124,"Indonesia",3.59816661305886,"IDN"
"726","M",9871.8,3017,3.372,"Run",153.3,"United Kingdom",3.27205833609546,"GBR"
"727","M",32439.2,13617,2.713,"Run",162.8,"United Kingdom",2.3822574722773,"GBR"
"728","M",32365.8,11927,3.58,"Ride",133.7,"Italy",2.71365808669406,"ITA"
"729","M",92301.7,14542,7.48,"Ride",137.3,"United States",6.34724934671985,"USA"
"730","M",736.4,356,2.069,"Run",130.7,"Norge",2.0685393258427,NA
"731","M",133833,30495,6.558,"Ride",149.4,"United States",4.38868666994589,"USA"
"732","M",1047.9,727,1.441,"Hike",125.7,"Lithuania",1.4414030261348,"LTU"
"733","M",163580,18954,8.932,"Ride",165.4,"United States",8.63036825999789,"USA"
"734","M",5215.9,2748,1.898,"Run",144,"Luxembourg",1.89807132459971,"LUX"
"735","M",26000.4,3408,8.412,"Ride",110.2,"Australia",7.62922535211268,"AUS"
"736","M",6154.6,1906,3.229,"Run",162.6,"South Africa",3.22906610703043,"ZAF"
"737","M",5514.6,4892,1.242,"Hike",132.6,"United States",1.1272690106296,"USA"
"738","M",83256.5,10052,8.903,"Ride",122.8,"United States",8.28258058097891,"USA"
"739","M",18475.4,2576,7.172,"Ride",151.5,"Australia",7.17212732919255,"AUS"
"740","M",34847.8,29136,7.854,"Ride",130,"Denmark",1.19603926414058,"DNK"
"741","M",36142.7,5302,6.867,"Ride",135.7,"Brasil",6.81680497925311,NA
"742","M",59614.3,6922,8.763,"Ride",147.6,"Nederland",8.61229413464317,NA
"743","M",17837.2,2755,6.474,"VirtualRide",135.7,"United Kingdom",6.47448275862069,"GBR"
"744","M",15546.3,5338,3.669,"Run",153.5,"España",2.91238291494942,NA
"745","M",24014.3,3600,6.671,"Ride",139.7,"United States",6.67063888888889,"USA"
"746","M",39663.4,8883,7.525,"Ride",123.9,"Australia",4.46509062253743,"AUS"
"747","M",82068.2,22824,4.569,"Ride",161.7,"Belgium",3.59569751139152,"BEL"
"748","M",47674.9,7073,6.81,"Ride",129.5,"United States",6.74040718224233,"USA"
"749","M",15981.2,2401,6.656,"Ride",121,"United Kingdom",6.65605997501041,"GBR"
"750","M",65382.6,9380,7.884,"Ride",140.6,"United States",6.97042643923241,"USA"
"751","M",111514,16612,7.664,"Ride",133.3,"Canada",6.71285817481339,"CAN"
"752","M",277.1,1598,0.173,"Run",101.1,"Canada",0.173404255319149,"CAN"
"753","M",107641,16891,7.234,"Ride",132.3,"United States",6.37268367769818,"USA"
"754","M",9908.7,3383,3.096,"Run",175,"Australia",2.92896837126811,"AUS"
"755","M",6091.1,3103,2.002,"Run",132.3,"Россия",1.96297131807928,NA
"756","M",2895.5,2689,1.467,"Run",90.8,"United States",1.07679434734102,"USA"
"757","M",15515.2,2478,6.261,"Ride",145.4,"United Kingdom",6.26117836965295,"GBR"
"758","M",9018.1,2775,3.25,"Run",155.1,"Espanya",3.24976576576577,NA
"759","M",13874.9,4149,3.344,"Run",147.5,"Italia",3.34415521812485,NA
"760","M",36425.4,5048,7.216,"Ride",168.2,"France",7.21580824088748,"FRA"
"761","M",23847.9,2951,8.394,"Ride",149.6,"Australia",8.08129447644866,"AUS"
"762","M",9760.8,3332,2.929,"Run",146.2,"United States",2.92941176470588,"USA"
"763","M",2242.1,406,5.749,"Ride",94,"United Kingdom",5.52241379310345,"GBR"
"764","M",18731.2,2433,7.699,"Ride",142.8,"United Kingdom",7.69880805589807,"GBR"
"765","M",100913,18224,5.763,"Ride",166.6,"Spain",5.53736830553117,"ESP"
"766","M",8101.7,2532,3.283,"Run",137.4,"United States",3.19972353870458,"USA"
"767","M",7086.5,2456,2.892,"Run",140.2,"United States",2.88538273615635,"USA"
"768","M",28061.4,4826,5.815,"Ride",115.6,"United States",5.81462909241608,"USA"
"769","M",16430.7,4556,3.893,"Ride",141.4,"Deutschland",3.60638718173837,NA
"770","M",129575,27158,6.519,"Ride",128.6,"United States",4.77115398777524,"USA"
"771","M",51469.6,6879,7.533,"Ride",147.9,"United States",7.48213403110917,"USA"
"772","M",16031.3,1803,8.891,"Ride",151.1,"United States",8.89145867997781,"USA"
"773","M",53153.1,7555,7.55,"Ride",117.7,"Czech Republic",7.03548643282594,"CZE"
"774","M",75356.4,11384,6.716,"Ride",126,"United Kingdom",6.61950105411103,"GBR"
"775","M",89737.2,14537,6.97,"Ride",136.6,"United States",6.17302056820527,"USA"
"776","M",11430.5,1323,8.64,"VirtualRide",151.7,"United States",8.63983371126228,"USA"
"777","M",43621.2,5208,8.535,"Ride",146.7,"United States",8.3758064516129,"USA"
"778","M",21632.7,7901,3.137,"Ride",103.6,"United States",2.73796987723073,"USA"
"779","M",104621,16488,7.278,"Ride",155.7,"United States",6.34528141678797,"USA"
"780","M",33372.1,4223,7.902,"Ride",143.5,"United States",7.90246270423869,"USA"
"781","M",22557.5,3318,6.799,"Ride",156.3,"United Kingdom",6.79852320675105,"GBR"
"782","M",2070,1202,1.951,"Run",142.9,"France",1.72212978369384,"FRA"
"783","M",88519.5,13241,8.302,"Ride",164.5,"Australia",6.68525791103391,"AUS"
"784","M",18151.4,2944,6.984,"Ride",119.2,"United Kingdom",6.16555706521739,"GBR"
"785","M",50985.4,7066,8.549,"Ride",152,"United Kingdom",7.21559581092556,"GBR"
"786","M",14959.4,3007,5.135,"Ride",152.5,"Belgium",4.97485866311939,"BEL"
"787","M",119934,18665,7.215,"Ride",119.2,"United Kingdom",6.42560942941334,"GBR"
"788","M",28414.4,3597,7.899,"Ride",135.7,"United States",7.89947178204059,"USA"
"789","M",12853.4,3349,5.552,"Ride",145.6,"Australia",3.83798148701105,"AUS"
"790","M",23320.8,4558,5.116,"Ride",136.4,"United States",5.11645458534445,"USA"
"791","M",26509,4661,5.882,"Ride",112.4,"Brasil",5.68740613602231,NA
"792","M",8687.5,1265,7.627,"Ride",102.7,"United States",6.86758893280632,"USA"
"793","M",8458.2,1379,6.134,"Ride",107.4,"United States",6.13357505438724,"USA"
"794","M",1335.6,257,5.197,"Ride",126.9,"United Kingdom",5.19688715953307,"GBR"
"795","M",14614,2328,6.354,"Ride",143.3,"United States",6.27749140893471,"USA"
"796","M",45815.8,5284,8.671,"Ride",163.6,"United States",8.67066616199849,"USA"
"797","M",66516.7,10437,6.836,"Ride",127,"France",6.37316278624126,"FRA"
"798","M",44349.9,5854,7.906,"Ride",106.2,"United States",7.57599931670653,"USA"
"799","M",68174.7,12513,6.574,"Ride",144.3,"Italy",5.44830975785183,"ITA"
"800","M",81178.3,13308,6.624,"Ride",135.5,"Nederland",6.09996242861437,NA
"801","M",49510.2,11506,4.797,"Ride",129,"Portugal",4.30298974448114,"PRT"
"802","M",32079,5100,6.29,"Ride",111.5,"United States",6.29,"USA"
"803","M",36782.1,4926,7.467,"Ride",148.5,"Nederland",7.46693057247259,NA
"804","M",198252,37019,7.453,"Ride",133.9,"Thailand",5.35541208568573,"THA"
"805","M",12006.2,4216,2.848,"Run",154.1,"Italy",2.84777039848197,"ITA"
"806","M",11841,1383,8.562,"Ride",155.1,"Australia",8.56182212581345,"AUS"
"807","M",57637.1,8555,7.049,"Ride",163.2,"United States",6.73724137931034,"USA"
"808","M",23458.5,2414,9.718,"VirtualRide",158.5,"United States",9.71768848384424,"USA"
"809","M",22120.4,3255,7.594,"Ride",118.6,"Poland",6.79582181259601,"POL"
"810","M",49852.5,7021,7.1,"Ride",117.9,"United States",7.10048426150121,"USA"
"811","M",80334,9770,8.489,"Ride",139.5,"Deutschland",8.22251791197544,NA
"812","M",36170.5,13564,4.578,"Ride",138.3,"Belgium",2.66665437923916,"BEL"
"813","M",55707.4,6533,9.552,"Ride",157.3,"Australia",8.52707791213837,"AUS"
"814","M",26797.7,3821,7.013,"Ride",150.7,"United States",7.01326877780686,"USA"
"815","M",73085.8,10200,7.518,"Ride",130.5,"Peru",7.16527450980392,"PER"
"816","M",77303.8,9232,8.767,"Ride",126.6,"Polska",8.37346187175043,NA
"817","M",14471.2,1763,8.66,"Ride",134.5,"Nederland",8.20828133862734,NA
"818","M",77054.6,9309,8.714,"Ride",143.4,"United States",8.27743044365668,"USA"
"819","M",8084.2,1564,5.549,"Ride",132,"United States",5.16892583120205,"USA"
"820","M",45315.8,11777,5.458,"Ride",157.5,"Brasil",3.84782202598285,NA
"821","M",26284.5,4962,6.548,"Ride",145.2,"Australia",5.29715840386941,"AUS"
"822","M",5853.9,4501,1.301,"Workout",133.8,"United States",1.30057764941124,"USA"
"823","M",29730.6,4898,6.462,"Ride",118.3,"United Kingdom",6.06994691710902,"GBR"
"824","M",8289.2,2365,3.681,"Run",139.8,"United States",3.50494714587738,"USA"
"825","M",20531.9,3826,5.5,"Ride",97.7,"United States",5.36641400940931,"USA"
"826","M",48497.1,12311,3.956,"Ride",144.8,"United Kingdom",3.93933067987978,"GBR"
"827","M",6679.1,1116,5.985,"Ride",137.7,"Brasil",5.98485663082437,NA
"828","M",5145.8,1661,3.098,"Run",162.7,"Canada",3.09801324503311,"CAN"
"829","M",39422.2,6320,6.346,"Ride",113.9,"South Africa",6.23768987341772,"ZAF"
"830","M",3568.1,1427,2.507,"Run",141.7,"Switzerland",2.50042046250876,"CHE"
"831","M",35.5,194,0.183,"Run",115.9,"United States",0.182989690721649,"USA"
"832","M",40230.1,5749,7.271,"Ride",116.8,"United States",6.99775613150113,"USA"
"833","M",7053.8,2635,2.916,"Run",127.4,"France",2.67696394686907,"FRA"
"834","M",26174.5,3606,7.259,"Ride",148.2,"United States",7.25859678313921,"USA"
"835","M",107621,14705,7.78,"Ride",139.2,"Nederland",7.3186671200272,NA
"836","M",39784.4,7031,5.832,"Ride",146.4,"France",5.65842696629213,"FRA"
"837","M",46794,7244,7.248,"Ride",159.3,"Italia",6.45969077857537,NA
"838","M",28364.1,7911,4.03,"Ride",141.3,"France",3.58540007584376,"FRA"
"839","M",5887.1,2144,2.746,"Run",136.4,"France",2.74584888059701,"FRA"
"840","M",5.7,28,1.9,"Workout",136,"United States",0.203571428571429,"USA"
"841","M",70140.3,8283,8.679,"Ride",140.1,"Australia",8.46798261499457,"AUS"
"842","M",72347.8,9378,7.715,"Ride",129.4,"France",7.71462998507144,"FRA"
"843","M",5255.5,1826,2.883,"Run",143.8,"United Kingdom",2.87814895947426,"GBR"
"844","M",5888.2,1901,4.411,"Run",163.2,"United Kingdom",3.09742240925828,"GBR"
"845","M",31321.6,3481,9.22,"Ride",148.9,"Australia",8.99787417408791,"AUS"
"846","M",940.6,727,1.834,"Run",120.3,"Japan",1.29381017881706,"JPN"
"847","M",30858.4,4580,6.738,"Ride",143.5,"Norway",6.73764192139738,"NOR"
"848","M",67691.4,9422,7.352,"Ride",156.8,"United States",7.18439821693908,"USA"
"849","M",57902.8,6549,8.841,"Ride",115.5,"España",8.84147198045503,NA
"850","M",30575.4,5259,6.28,"Ride",154.4,"Spain",5.81391899600685,"ESP"
"851","M",40328.3,5612,7.503,"Ride",142.8,"España",7.18608339272987,NA
"852","M",10013.5,2014,4.972,"Run",172.7,"Finland",4.97194637537239,"FIN"
"853","M",42853.1,6129,7.216,"Ride",135.7,"United Kingdom",6.99185837820199,"GBR"
"854","M",5957.3,1759,3.595,"Run",179.1,"United Kingdom",3.38675383740762,"GBR"
"855","M",1233.9,587,2.113,"Run",150.1,"Namibia",2.10204429301533,"NAM"
"856","M",80833.6,199304,7.181,"Ride",136.4,"United States",0.405579416368964,"USA"
"857","M",18425.4,4129,4.496,"Ride",140.1,"Norway",4.46243642528457,"NOR"
"858","M",99628.4,18700,6.774,"Ride",149.4,"대한민국",5.32772192513369,NA
"859","M",7823.1,2599,3.01,"Run",169.9,"United States",3.01004232397076,"USA"
"860","M",68679.3,12056,5.988,"Ride",160.6,"United States",5.6966904445919,"USA"
"861","M",23651.4,4203,5.627,"Ride",135.2,"Romania",5.62726623840114,"ROU"
"862","M",83344.2,7253,23.671,"Ride",124,"Indonesia",11.4909968288984,"IDN"
"863","M",6230.8,899,7.203,"Ride",155.9,"Finland",6.93081201334816,"FIN"
"864","M",4924.8,1308,3.765,"Run",175.1,"Italia",3.7651376146789,NA
"865","M",1959.8,686,3.077,"Run",186,"United Kingdom",2.85685131195335,"GBR"
"866","M",88448.8,12764,7.37,"Ride",133.4,"Italia",6.92955186461924,NA
"867","M",11354.2,1492,8.087,"Ride",181.2,"Japan",7.61005361930295,"JPN"
"868","M",55472.3,16477,5.407,"Ride",121.8,"United States",3.36665048249075,"USA"
"869","M",10964.6,6605,6.334,"Ride",129.4,"Portugal",1.66004542013626,"PRT"
"870","M",29437.1,4037,7.581,"Ride",129.7,"Chile",7.29182561307902,"CHL"
"871","M",10812.4,1564,6.913,"Ride",131.2,"Norge",6.91329923273657,NA
"872","M",25051.7,6118,5.696,"Ride",153,"United States",4.09475318731612,"USA"
"873","M",53328.1,7915,7.638,"Ride",144.7,"United States",6.73759949463045,"USA"
"874","M",15579.9,11286,7.226,"Ride",151.3,"United States",1.3804625199362,"USA"
"875","M",62774,6712,9.353,"Ride",137.3,"Sweden",9.35250297973778,"SWE"
"876","M",42397.1,7199,6.171,"Ride",143.4,"United States",5.88930407000972,"USA"
"877","M",14820.7,4305,3.506,"Run",159.5,"Austria",3.44267131242741,"AUT"
"878","M",60378.4,10090,6.501,"Ride",125.1,"United States",5.98398414271556,"USA"
"879","M",14684.8,2459,6.421,"Ride",139.7,"Brasil",5.97185847905653,NA
"880","M",21689.6,2777,7.81,"Ride",134.2,"United States",7.81044292401872,"USA"
"881","M",22112.3,3143,7.274,"Ride",132.7,"Storbritannien",7.03541202672606,NA
"882","M",25798.5,4970,6.269,"IceSkate",156.7,"The Netherlands",5.19084507042253,"NLD"
"883","M",19793.3,7541,2.67,"Run",172.4,"France",2.62475798965654,"FRA"
"884","M",23932.3,6315,3.843,"Ride",128.2,"France",3.78975455265241,"FRA"
"885","M",10356,3508,2.955,"Run",150.5,"España",2.9521094640821,NA
"886","M",27353.3,4333,7.01,"Ride",114.8,"Australia",6.31278559889222,"AUS"
"887","M",6208,4530,1.423,"Run",107.3,"Italia",1.37041942604857,NA
"888","M",14660.1,8788,5.422,"Ride",120.9,"China",1.66819526627219,"CHN"
"889","M",31623.2,5293,8.397,"Ride",132.7,"United States",5.97453240128472,"USA"
"890","M",6096.4,2265,2.752,"Run",157.3,"France",2.69156732891832,"FRA"
"891","M",8654.9,4211,2.055,"Walk",102.9,"Norway",2.05530752790311,"NOR"
"892","M",22372.8,4060,5.982,"Ride",156.3,"Australia",5.51054187192118,"AUS"
"893","M",24811.6,8735,2.891,"Run",130.8,"Australia",2.84048082427018,"AUS"
"894","M",5225.1,1807,2.892,"Run",135.3,"France",2.89158826784726,"FRA"
"895","M",16066,1448,11.095,"Ride",173.2,"United Kingdom",11.0953038674033,"GBR"
"896","M",12661.4,4823,2.646,"Run",157.6,"France",2.62521252332573,"FRA"
"897","M",17489,2239,7.811,"Ride",124.2,"Australia",7.81107637338097,"AUS"
"898","M",48755.2,10053,5.316,"Ride",145.9,"Spain",4.84981597533075,"ESP"
"899","M",57645.8,8241,7.111,"Ride",133.8,"United States",6.99500060672249,"USA"
"900","M",2684.8,3487,1.546,"Walk",87.6,"United Kingdom",0.769945511901348,"GBR"
"901","M",50436.6,12625,4.49,"Ride",158,"Italy",3.99497821782178,"ITA"
"902","M",29348.1,5026,5.839,"VirtualRide",154.2,"España",5.83925586947871,NA
"903","M",74285.9,13873,7.188,"Ride",147.3,"Spain",5.35471058891372,"ESP"
"904","M",79955.9,10613,7.757,"Ride",170.1,"United Kingdom",7.53376990483369,"GBR"
"905","M",11930.7,4227,2.847,"Run",148.7,"Canada",2.82249822569198,"CAN"
"906","M",75815.1,9200,8.73,"Ride",123.8,"France",8.24077173913044,"FRA"
"907","M",58743.9,8045,7.371,"Ride",128.3,"Spain",7.30191423244251,"ESP"
"908","M",39089,4762,8.435,"Ride",150.8,"United Kingdom",8.20852582948341,"GBR"
"909","M",7198.6,3793,4.249,"Run",160.7,"Thailand",1.89786448721329,"THA"
"910","M",75558.4,7277,10.911,"VirtualRide",163.6,"United States",10.3831798818194,"USA"
"911","M",15724.4,5883,2.756,"Run",137.9,"France",2.67285398606153,"FRA"
"912","M",3807.8,601,6.336,"Ride",147.7,"United States",6.33577371048253,"USA"
"913","M",11270.4,3579,3.152,"Run",158.1,"Italia",3.14903604358759,NA
"914","M",13507.8,1972,7.475,"Ride",172.9,"Australia",6.84979716024341,"AUS"
"915","M",20583,6049,3.505,"Run",129.1,"Czech Republic",3.40271119193255,"CZE"
"916","M",128.5,36,3.569,"Ride",84.2,"United States",3.56944444444444,"USA"
"917","M",35074.9,5458,6.572,"Ride",147.4,"United States",6.42632832539392,"USA"
"918","M",17280.4,3091,5.591,"Ride",145.1,"Norge",5.59055321902297,NA
"919","M",45485.9,5786,7.893,"Ride",148.6,"France",7.8613722779122,"FRA"
"920","M",43612,5986,7.906,"Run",146,"South Africa",7.28566655529569,"ZAF"
"921","M",48922.5,7043,6.979,"Ride",124.7,"United States",6.94625869657816,"USA"
"922","M",31292.7,5412,5.903,"Ride",140.9,"United States",5.78209534368071,"USA"
"923","M",24037.9,5734,4.236,"Ride",147.8,"South Africa",4.19216951517265,"ZAF"
"924","M",42335.2,8580,5.815,"Ride",107,"Australia",4.93417249417249,"AUS"
"925","M",400.5,135,2.967,"Ride",37,"United Kingdom",2.96666666666667,"GBR"
"926","M",50047.5,7587,7.164,"Ride",132.9,"Australia",6.59648082245947,"AUS"
"927","M",11917.3,3709,3.94,"Run",138.6,"Canada",3.21307630088973,"CAN"
"928","M",32465.4,4137,7.911,"Ride",172.6,"France",7.84757070340827,"FRA"
"929","M",114190,16267,7.649,"Ride",130.8,"France",7.01973320218848,"FRA"
"930","M",14709.2,4651,3.165,"Run",175,"Netherlands",3.16258869060417,"NLD"
"931","M",92.6,3544,0.026,"Ride",116.4,"United Kingdom",0.0261286681715576,"GBR"
"932","M",17042.5,2244,8.305,"Ride",146.9,"Danmark",7.59469696969697,NA
"933","M",3212.4,1200,2.781,"Run",125.5,"España",2.677,NA
"934","M",87223.8,11913,7.322,"Ride",126.1,"Deutschland",7.32173256106774,NA
"935","M",507.5,94,5.399,"Ride",122.2,"Ireland",5.39893617021277,"IRL"
"936","M",129267,18421,7.843,"Ride",132.1,"United States",7.01737147820422,"USA"
"937","M",13561.8,4283,3.183,"Run",155.2,"United Kingdom",3.16642540275508,"GBR"
"938","M",28115.3,3617,7.773,"Ride",132.8,"Sverige",7.77309925352502,NA
"939","M",6616.5,2234,2.962,"Run",159.7,"United States",2.96172784243509,"USA"
"940","M",39642.6,5400,7.341,"Ride",125.7,"Canada",7.34122222222222,"CAN"
"941","M",11352.1,2490,6.454,"Ride",159.5,"Venezuela",4.55907630522088,"VEN"
"942","M",15281.3,4190,3.718,"Run",150,"France",3.64708830548926,"FRA"
"943","M",6324.5,3132,2.087,"Run",120.5,"Italy",2.01931673052363,"ITA"
"944","M",7175.5,2293,3.192,"Run",132.1,"Spain",3.12930658525949,"ESP"
"945","M",21286.4,3819,5.936,"Ride",139.2,"Russia",5.57381513485206,"RUS"
"946","M",22775.6,3189,7.142,"Ride",128.6,"United States",7.14192536845406,"USA"
"947","M",27086,3442,8.238,"Ride",140.6,"Australia",7.86926205694364,"AUS"
"948","M",53975.2,12065,8.15,"Ride",114.5,"Australia",4.47370078740157,"AUS"
"949","M",14401.6,3788,4.34,"Ride",109.1,"United States",3.80190073917635,"USA"
"950","M",34963.5,5738,6.093,"Ride",139.3,"Spain",6.09332520041826,"ESP"
"951","M",105847,15939,7.757,"Ride",130.4,"United States",6.64075537988581,"USA"
"952","M",38575.3,5561,7.282,"Ride",106.7,"United States",6.93675597914044,"USA"
"953","M",2149.2,685,3.151,"Run",143.3,"España",3.13751824817518,NA
"954","M",35775.5,8129,5.502,"Ride",114.3,"Trinidad and Tobago",4.40097182925329,"TTO"
"955","M",9186.7,4963,1.982,"Run",167.7,"Thailand",1.85103767882329,"THA"
"956","M",4374.8,595,7.353,"Ride",130.3,"Suisse",7.35260504201681,NA
"957","M",82509,12736,7.734,"Ride",150.3,"Australia",6.47840766331658,"AUS"
"958","M",31061.7,4441,7.026,"Ride",155,"Australia",6.99430308489079,"AUS"
"959","M",27546.6,3934,7.002,"Ride",118.8,"España",7.0021860701576,NA
"960","M",18779,2503,7.703,"Ride",145.8,"United States",7.50259688373951,"USA"
"961","M",38191.9,4302,8.878,"Ride",159.3,"Brazil",8.8777080427708,"BRA"
"962","M",47692.7,14593,5.011,"Ride",97.9,"Italia",3.2681902281916,NA
"963","M",25240.2,7152,4.083,"Ride",119.1,"United States",3.52911073825503,"USA"
"964","M",45245.7,6678,6.911,"Ride",149.9,"Spain",6.77533692722372,"ESP"
"965","M",10020,3229,3.111,"Run",153,"The Netherlands",3.10312790337566,"NLD"
"966","M",37413.6,3879,9.733,"Ride",143.1,"Switzerland",9.64516627996906,"CHE"
"967","M",2968,2206,1.531,"Walk",114.1,"United States",1.34542157751587,"USA"
"968","M",33965,4619,7.496,"Ride",135.5,"United Kingdom",7.35332323013639,"GBR"
"969","M",725.1,79,9.178,"Ride",81.3,"Canada",9.17848101265823,"CAN"
"970","M",58757.4,14460,6.378,"Ride",126.4,"United States",4.06344398340249,"USA"
"971","M",7565.9,1722,4.394,"Run",164.6,"United Kingdom",4.39367015098722,"GBR"
"972","M",2709.5,1002,2.843,"Run",156.5,"United States",2.70409181636727,"USA"
"973","M",37882.1,4927,8.164,"Ride",145.7,"United States",7.68867464988837,"USA"
"974","M",11373.4,4860,4.381,"Ride",106.9,"United States",2.34020576131687,"USA"
"975","M",40129.9,5637,8.575,"Ride",146.4,"España",7.11901720773461,NA
"976","M",11051.9,1516,7.29,"Ride",135.2,"United States",7.29017150395778,"USA"
"977","M",4537.7,1945,4.092,"Ride",129.9,"United States",2.33300771208226,"USA"
"978","M",102143,14972,7.018,"Ride",146.7,"United Kingdom",6.82226823403687,"GBR"
"979","M",48333,7196,6.717,"Ride",157.8,"Hungary",6.71664813785436,"HUN"
"980","M",14005.2,2067,7.006,"Ride",162.5,"Australia",6.7756168359942,"AUS"
"981","M",4503.5,1549,2.93,"Run",136,"United States",2.90735958683021,"USA"
"982","M",454.8,177,2.569,"Run",148.4,"Brasil",2.56949152542373,NA
"983","M",71738.4,10438,7.651,"Ride",130.4,"Deutschland",6.87281088331098,NA
"984","M",31809.1,10517,3.926,"Ride",136.2,"Italy",3.0245412189788,"ITA"
"985","M",45559.1,6831,7.38,"Ride",141.6,"Australia",6.66946274337579,"AUS"
"986","M",47719.3,19842,3.343,"Ride",140.5,"United Kingdom",2.4049642173168,"GBR"
"987","M",51454.4,9538,6.124,"Ride",138.5,"Denmark",5.39467393583561,"DNK"
"988","M",90936.5,13264,7.679,"Ride",122.7,"United States",6.85588811821472,"USA"
"989","M",4828.4,1748,2.762,"Run",125.5,"United States",2.76224256292906,"USA"
"990","M",21570.4,7840,2.76,"Run",151.7,"United States",2.75132653061224,"USA"
"991","M",8133.9,2358,3.47,"Run",146.1,"United States",3.44949109414758,"USA"
"992","M",40364,4991,8.144,"Ride",151.4,"United Kingdom",8.08735724303747,"GBR"
"993","M",8192,2872,2.857,"Run",142,"Norway",2.85236768802228,"NOR"
"994","M",101582,18204,6.819,"Ride",122.1,"Germany",5.58020215337288,"DEU"
"995","M",72560.5,8829,8.564,"Ride",126.3,"United States",8.21842790803036,"USA"
"996","M",55715.2,8945,7.139,"Ride",153,"United Kingdom",6.22864169927334,"GBR"
"997","M",20459.4,4462,4.634,"Ride",154.3,"United Kingdom",4.58525324966383,"GBR"
"998","M",20273.1,2867,7.136,"Ride",145.2,"United Kingdom",7.07118939658179,"GBR"
"999","M",32941.8,5385,6.18,"Ride",146,"United Kingdom",6.11732590529248,"GBR"
"1000","M",16889.1,4001,4.685,"Ride",96.7,"Puerto Rico",4.22121969507623,"PRI"
"1001","M",9767.6,3262,3.104,"Run",143.8,"United Kingdom",2.99435928877989,"GBR"
"1002","M",37470.8,4500,8.327,"Ride",136.9,"United Kingdom",8.32684444444445,"GBR"
"1003","M",6056.4,2884,2.1,"Run",147.7,"Canada",2.1,"CAN"
"1004","M",55565.8,5539,10.29,"Ride",151.9,"United States",10.0317385809713,"USA"
"1005","M",36029.5,3909,9.217,"Ride",153.2,"Italy",9.21706318751599,"ITA"
"1006","M",40861.8,5208,7.846,"Ride",146.5,"Australia",7.84596774193548,"AUS"
"1007","M",81142.2,14217,6.035,"Ride",102.2,"Australia",5.70740662587044,"AUS"
"1008","M",145114,24350,7.079,"Ride",125.9,"Italia",5.95950718685832,NA
"1009","M",67671.7,10528,6.663,"Ride",133.9,"Ireland",6.42778305471125,"IRL"
"1010","M",19397.4,2958,6.558,"Ride",154.8,"United States",6.55760649087221,"USA"
"1011","M",16763.2,5185,4.069,"Ride",91.7,"The Netherlands",3.23301832208293,"NLD"
"1012","M",7531.3,3393,2.353,"Run",153.5,"Norway",2.21965811965812,"NOR"
"1013","M",10675.1,4338,2.571,"Run",148.1,"Spain",2.46083448593822,"ESP"
"1014","M",1904.8,3609,1.871,"Ride",102.5,"Italia",0.527791632031034,NA
"1015","M",95016.1,20809,5.993,"Ride",136.7,"Schweiz",4.56610601182181,NA
"1016","M",58243.5,7967,7.311,"Ride",141.9,"Italia",7.31059369900841,NA
"1017","M",11215.3,5968,1.922,"Run",139.8,"United States",1.87923927613941,"USA"
"1018","M",33040.2,5591,6.821,"Ride",140,"Australia",5.9095331783223,"AUS"
"1019","M",58049.4,7556,7.99,"Ride",155.1,"United States",7.68255690841715,"USA"
"1020","M",47307.7,14028,4.004,"Ride",148.2,"Canada",3.37237667522099,"CAN"
"1021","M",57624.9,9453,7.072,"Ride",127.5,"United States",6.0959377975246,"USA"
"1022","M",61077,8929,7.518,"Ride",142.7,"Italia",6.84029566580804,NA
"1023","M",28293.6,7554,3.969,"Ride",94.9,"United States",3.74551231135822,"USA"
"1024","M",70573.1,9571,8.046,"Ride",132.5,"France",7.37363911816947,"FRA"
"1025","M",23189.3,5659,4.098,"VirtualRide",121.4,"Netherlands",4.09777345820816,"NLD"
"1026","M",22982.7,2970,8.138,"Ride",148.1,"Germany",7.73828282828283,"DEU"
"1027","M",5025.6,1375,3.666,"Run",154,"United Kingdom",3.65498181818182,"GBR"
"1028","M",27533.5,3477,8.081,"Ride",156.7,"United Kingdom",7.9187517975266,"GBR"
"1029","M",35336.5,4225,8.364,"Ride",150.4,"United States",8.36366863905326,"USA"
"1030","M",48409.6,6365,7.66,"Ride",140.8,"United States",7.6055930871956,"USA"
"1031","M",30011.3,3877,7.925,"Ride",138.3,"United States",7.74085633221563,"USA"
"1032","M",11425,5714,2.235,"Run",152,"France",1.99947497374869,"FRA"
"1033","M",78576.4,13784,6.705,"Ride",124.8,"United States",5.70055136390017,"USA"
"1034","M",7119.3,2101,3.389,"Run",167.8,"Germany",3.38852927177535,"DEU"
"1035","M",6288.7,2715,2.34,"Run",138.3,"France",2.31627992633517,"FRA"
"1036","M",8110.9,4262,2.267,"Run",138.9,"Chile",1.9030736743313,"CHL"
"1037","M",50588.7,7605,6.77,"Ride",158.9,"Denmark",6.6520315581854,"DNK"
"1038","M",8364,3644,2.373,"Run",132.2,"Germany",2.29527991218441,"DEU"
"1039","M",11761,6060,2.447,"Ride",153.4,"United States",1.94075907590759,"USA"
"1040","M",24958.4,3542,7.115,"Ride",109.9,"United States",7.04641445511011,"USA"
"1041","M",2404.1,786,3.289,"Run",150.6,"España",3.05865139949109,NA
"1042","M",3428.5,708,5.891,"Ride",94.3,"Australia",4.84251412429379,"AUS"
"1043","M",18779,2503,7.703,"Ride",145.8,"United States",7.50259688373951,"USA"
"1044","M",8850.2,2833,3.124,"Run",142.3,"Sverige",3.12396752559125,NA
"1045","M",7339.7,1047,7.01,"Ride",150.4,"Danmark",7.01021967526265,NA
"1046","M",68134.9,6902,9.895,"Ride",138,"United States",9.87176180817154,"USA"
"1047","M",20551.9,8867,2.325,"Run",115.2,"South Korea",2.31779632344649,"KOR"
"1048","M",41453,7118,6.229,"Ride",146.4,"Spain",5.82368642877213,"ESP"
"1049","M",1337.3,1999,3.528,"Run",134.4,"Australia",0.668984492246123,"AUS"
"1050","M",32366.8,4941,6.725,"Ride",125.8,"België",6.55065776158672,NA
"1051","M",11621.6,2420,4.832,"Ride",124.5,"Polska",4.80231404958678,NA
"1052","M",73856.3,10790,7.347,"Ride",93.5,"Australia",6.84488415199259,"AUS"
"1053","M",14660.6,16101,7.499,"Ride",131.2,"United Kingdom",0.910539718029936,"GBR"
"1054","M",42556.8,13018,3.269,"Run",152.5,"United Kingdom",3.26907359041327,"GBR"
"1055","M",29769.8,4478,6.839,"Ride",157.8,"United Kingdom",6.64801250558285,"GBR"
"1056","M",6997,2337,3.081,"Run",160.7,"Australia",2.99400941377835,"AUS"
"1057","M",94789.1,14509,7.099,"Ride",137,"Spain",6.53312426769591,"ESP"
"1058","M",37391.5,5454,6.964,"Ride",136.5,"Australia",6.85579391272461,"AUS"
"1059","M",2448.1,535,4.708,"Ride",129.2,"United Kingdom",4.57588785046729,"GBR"
"1060","M",57939.1,7569,7.655,"Ride",142.1,"Sverige",7.65478927203065,NA
"1061","M",24523.2,3496,7.015,"Ride",118.5,"United Kingdom",7.01464530892448,"GBR"
"1062","M",61.1,84,1.175,"Workout",151.1,"United States",0.727380952380952,"USA"
"1063","M",5641.4,1881,2.999,"Run",132,"United States",2.99914938862307,"USA"
"1064","M",53462,10936,8.13,"Ride",134.3,"United Kingdom",4.88862472567666,"GBR"
"1065","M",9026.2,2751,3.288,"Run",137.4,"España",3.28106143220647,NA
"1066","M",9884.6,5154,3.238,"Run",141.9,"Spain",1.91785021342647,"ESP"
"1067","M",25690,3600,7.136,"Ride",126.6,"United States",7.13611111111111,"USA"
"1068","M",7358.6,3827,1.923,"Walk",131.7,"Italia",1.92281160177685,NA
"1069","M",106291,13626,8.358,"Ride",166.1,"United States",7.80060179069426,"USA"
"1070","M",69276.2,8432,8.216,"Ride",125.7,"Portugal",8.21586812144212,"PRT"
"1071","M",61115.9,11543,5.86,"Ride",142.3,"Netherlands",5.29462877934679,"NLD"
"1072","M",11025.2,2911,4.541,"Run",139.5,"Portugal",3.78742700103057,"PRT"
"1073","M",45301.6,5545,8.277,"Ride",117.8,"Spain",8.16981064021641,"ESP"
"1074","M",36791.2,4778,7.744,"Ride",147.9,"The Netherlands",7.70012557555463,"NLD"
"1075","M",28083.1,4325,6.493,"Ride",139.7,"Italia",6.49320231213873,NA
"1076","M",74111.2,9585,8.712,"Ride",136.3,"United States",7.73199791340636,"USA"
"1077","M",28921.6,10797,3.261,"Ride",152.4,"France",2.67867000092618,"FRA"
"1078","M",10311.4,3803,2.711,"Run",163,"United States",2.71138574809361,"USA"
"1079","M",94247.2,3350544,6.783,"Ride",143.6,"United Kingdom",0.0281289247358041,"GBR"
"1080","M",55104.6,10108,6.843,"Ride",120.1,"United States",5.45158290463,"USA"
"1081","M",629367,130646,5.848,"Ride",116.4,"Hrvatska",4.81734611086447,NA
"1082","M",19989.6,8353,3.776,"Ride",120.5,"United Kingdom",2.39310427391356,"GBR"
"1083","M",27581.6,3409,8.127,"Ride",147.8,"United Kingdom",8.09081842182458,"GBR"
"1084","M",4525.3,1354,3.342,"Run",149.9,"Bahrain",3.34217134416544,"BHR"
"1085","M",3359.3,1014,3.659,"Run",182.5,"South Africa",3.3129191321499,"ZAF"
"1086","M",8938,2619,3.662,"Run",150.7,"United States",3.41275295914471,"USA"
"1087","M",21040,2570,8.187,"Ride",135.3,"Italia",8.18677042801556,NA
"1088","M",39191.8,10706,5.052,"Ride",137.4,"Spain",3.66073229964506,"ESP"
"1089","M",26026.3,3743,6.953,"Ride",120.8,"United States",6.95332620892332,"USA"
"1090","M",33599.6,3985,8.432,"Ride",142.8,"United Kingdom",8.43151819322459,"GBR"
"1091","M",8713.8,2342,4.459,"Ride",140,"Bulgaria",3.72066609735269,"BGR"
"1092","M",140091,13317,10.628,"Ride",152.4,"United States",10.5197116467673,"USA"
"1093","M",53646,6120,8.984,"Ride",146.9,"Australia",8.7656862745098,"AUS"
"1094","M",23387.2,2753,8.495,"Ride",141.3,"Thailand",8.49516890664729,"THA"
"1095","M",7266.4,1522,4.828,"Ride",127.8,"Israel",4.7742444152431,"ISR"
"1096","M",2.4,7,0.343,"Ride",80,"United States",0.342857142857143,"USA"
"1097","M",30098.9,5135,6.124,"Ride",144.8,"Italy",5.86151898734177,"ITA"
"1098","M",33972.9,4104,8.316,"Ride",108.2,"Canada",8.27799707602339,"CAN"
"1099","M",7093.6,3378,2.241,"Run",117.9,"Finland",2.09994079336886,"FIN"
"1100","M",61504,8974,7.525,"Ride",113.7,"Spain",6.85357700022287,"ESP"
"1101","M",9939.8,3761,2.76,"Run",135.1,"United States",2.64286094123903,"USA"
"1102","M",12013.3,3303,3.646,"Run",161.4,"Singapour",3.63708749621556,NA
"1103","M",43695.8,6124,7.9,"Ride",112.3,"Brazil",7.135173089484,"BRA"
"1104","M",8450.8,6440,1.758,"Run",96.5,"United States",1.31223602484472,"USA"
"1105","M",107411,18260,7.126,"Ride",136.6,"United Kingdom",5.88231106243154,"GBR"
"1106","M",80646.1,9600,8.568,"Ride",139.5,"Italia",8.40063541666667,NA
"1107","M",11640.1,2605,4.468,"Ride",127.8,"United Kingdom",4.46836852207294,"GBR"
"1108","M",21460.4,3605,5.953,"Ride",124.5,"France",5.95295423023578,"FRA"
"1109","M",25543,4390,6.259,"Ride",124.9,"Ireland",5.81845102505695,"IRL"
"1110","M",74449.8,9408,8.506,"Ride",148.8,"France",7.91345663265306,"FRA"
"1111","M",16742.8,4794,3.584,"Ride",145.9,"United Kingdom",3.4924488944514,"GBR"
"1112","M",8838,3763,2.498,"Run",126.1,"Poland",2.34865798564975,"POL"
"1113","M",12689.9,4591,3.254,"Run",143.6,"United States",2.76408189936833,"USA"
"1114","M",29875.3,4808,6.62,"Ride",122.5,"United Kingdom",6.21366472545757,"GBR"
"1115","M",56540.3,10244,7.631,"Ride",147,"Australia",5.51935767278407,"AUS"
"1116","M",42529.8,5695,7.468,"Ride",156,"Thailand",7.46791922739245,"THA"
"1117","M",16643,2415,6.892,"Ride",144.7,"Iceland",6.89151138716356,"ISL"
"1118","M",48300.8,12468,4.182,"Ride",139.4,"Portugal",3.87398139236445,"PRT"
"1119","M",14338.5,7016,2.605,"Run",142.9,"España",2.0436858608894,NA
"1120","M",6306.5,1913,3.337,"Run",161.7,"United Kingdom",3.29665446941976,"GBR"
"1121","M",16920.5,2443,6.926,"Ride",136.7,"United States",6.92611543184609,"USA"
"1122","M",212090,37141,7.238,"Ride",135.1,"Kingdom of Norway",5.71040090466062,"NOR"
"1123","M",6417.8,2161,3.137,"Run",156.2,"Canada",2.96982878297085,"CAN"
"1124","M",82920.3,12747,8.423,"Ride",132.5,"Australia",6.50508354907037,"AUS"
"1125","M",9314.1,3651,2.551,"Run",138.4,"South Africa",2.55110928512736,"ZAF"
"1126","M",55976.9,10913,6.016,"Ride",135.6,"Spain",5.12937780628608,"ESP"
"1127","M",86378.1,20557,6.952,"Ride",119.1,"United States",4.20188257041397,"USA"
"1128","M",34906.6,8403,5.275,"Ride",142.7,"Italy",4.15406402475306,"ITA"
"1129","M",12824.6,2137,6.339,"Ride",101.4,"Sweden",6.00121665886757,"SWE"
"1130","M",29763.7,5443,5.984,"Ride",150.6,"Italia",5.46825280176373,NA
"1131","M",70735.1,10386,6.836,"Ride",150.1,"Ireland",6.81062006547275,"IRL"
"1132","M",66454.1,10868,6.302,"Ride",118.8,"Monaco",6.11465771071034,"MCO"
"1133","M",32488.1,4003,8.258,"Ride",128.5,"United Kingdom",8.11593804646515,"GBR"
"1134","M",102534,9854,10.405,"Ride",146.7,"Danmark",10.4053176375076,NA
"1135","M",35406,3576,10.056,"Ride",148.4,"United States",9.9010067114094,"USA"
"1136","M",11191.7,3939,2.848,"Run",159.1,"United Kingdom",2.84125412541254,"GBR"
"1137","M",87546.7,12784,8.254,"Ride",129.8,"United States",6.84814612015019,"USA"
"1138","M",19225.1,5808,3.591,"Ride",116.6,"France",3.31010674931129,"FRA"
"1139","M",49093.2,5926,8.469,"Ride",151.6,"United States",8.28437394532568,"USA"
"1140","M",2196.6,2003,1.111,"Hike",67.8,"Netherlands",1.09665501747379,"NLD"
"1141","M",6631.8,2374,2.794,"Run",148.7,"United States",2.79351305812974,"USA"
"1142","M",10297.3,3686,2.827,"Run",142.6,"United States",2.7936245252306,"USA"
"1143","M",7263.3,2220,3.272,"Run",149,"United Kingdom",3.27175675675676,"GBR"
"1144","M",100029,11754,8.607,"Ride",131.5,"España",8.51020929045431,NA
"1145","M",16360.4,4897,3.386,"Run",147.5,"United States",3.34090259342455,"USA"
"1146","M",20607.5,4787,4.65,"Ride",111.5,"El Salvador",4.30488823898057,"SLV"
"1147","M",21332.1,2721,7.84,"Ride",139.2,"United Kingdom",7.83980154355016,"GBR"
"1148","M",48472.1,6884,7.041,"Ride",139,"Australia",7.04126961069146,"AUS"
"1149","M",50147.3,12740,6.882,"Ride",130.6,"United Kingdom",3.93620879120879,"GBR"
"1150","M",25138.2,3726,6.747,"Ride",142.1,"Ireland",6.74669887278583,"IRL"
"1151","M",49275,8049,7.152,"Ride",134.2,"France",6.12187849422288,"FRA"
"1152","M",2858.2,2134,1.5,"Run",91,"United States",1.33936269915651,"USA"
"1153","M",50000.7,6294,7.968,"Ride",125.6,"Spain",7.94418493803622,"ESP"
"1154","M",38100.5,4793,8.021,"Ride",154.8,"France",7.9491967452535,"FRA"
"1155","M",9692.8,5437,1.896,"Run",141.7,"Spain",1.78274783888174,"ESP"
"1156","M",10613,3533,3.022,"Run",149.5,"United States",3.00396263798472,"USA"
"1157","M",37207.6,11273,7.739,"Ride",126.1,"Italy",3.3005943404595,"ITA"
"1158","M",57242.9,5061,11.43,"Ride",161.5,"United States",11.3105907923335,"USA"
"1159","M",30131.2,4431,6.84,"Ride",143.7,"United Kingdom",6.80009027307606,"GBR"
"1160","M",12881.3,2335,6.102,"Ride",135.3,"Panama",5.51661670235546,"PAN"
"1161","M",48829,8554,5.892,"Ride",134.5,"República Federativa do Brasil",5.70832359130231,NA
"1162","M",4746.2,707,7.705,"Ride",124.2,"United States",6.71315417256011,"USA"
"1163","M",10630.4,8942,1.821,"Run",121.7,"United States",1.18881681950347,"USA"
"1164","M",32158.5,4802,6.797,"Ride",123.8,"United States",6.69689712619742,"USA"
"1165","M",26830.8,4795,6.964,"Ride",122.6,"Norge",5.5955787278415,NA
"1166","M",8486.2,1696,5.609,"Ride",123.3,"France",5.00365566037736,"FRA"
"1167","M",11767.9,9367,1.387,"Run",119.9,"Deutschland",1.25631472189602,NA
"1168","M",6837.1,2622,2.681,"Run",151.1,"Switzerland",2.60758962623951,"CHE"
"1169","M",51354.2,19584,4.704,"Ride",143.9,"United Kingdom",2.62225285947712,"GBR"
"1170","M",76365,8115,9.614,"Ride",143.7,"Nederland",9.41035120147874,NA
"1171","M",120692,15500,7.869,"Ride",124.5,"United States",7.78658064516129,"USA"
"1172","M",30143.3,3602,8.368,"Ride",122.6,"España",8.36848972792893,NA
"1173","M",6523.1,3084,2.533,"Run",145.4,"Australia",2.11514267185473,"AUS"
"1174","M",54122.9,15132,6.314,"Ride",120.9,"New Zealand",3.57671821305842,"NZL"
"1175","M",33359,8231,5.945,"Ride",136,"Australia",4.05284898554246,"AUS"
